zona,m2,dormitorios,valor_m2,vm2_expected,ratio,anom_type,lat,lon
Otro,422.9,4,3358.0,3185.0,1.054290168669092,BORDERLINE,-32.93757,-60.64047
Otro,207.0,3,3348.0,2749.0,1.2179794036006744,BORDERLINE,-32.87357312500001,-60.699416875000004
Otro,80.0,4,400.0,495.0,0.808826348537533,BORDERLINE,-32.99018,-60.622112
Otro,571.0,5,525.0,779.0,0.6745172935181502,UNDERPRICED,-32.948438599999996,-60.643238399999994
Otro,75.0,1,3000.0,1735.0,1.7295804094503606,OVERPRICED,-32.87357312500001,-60.699416875000004
Otro,365.0,8,1890.0,1680.0,1.1250624783479992,BORDERLINE,-32.948116,-60.652905
Otro,532.0,7,902.0,1015.0,0.8886042920405169,BORDERLINE,-32.92286125,-60.740692499999994
Otro,400.0,4,2100.0,1819.0,1.1543420874592685,BORDERLINE,-32.91967,-60.76503
Otro,750.0,5,1093.0,868.0,1.2593034980389337,BORDERLINE,-32.935852,-60.73413
Otro,403.0,4,596.0,817.0,0.7287258583396281,BORDERLINE,-32.926952,-60.75926
Otro,650.0,4,431.0,576.0,0.7477424727786072,BORDERLINE,-32.920155,-60.73736
Otro,376.0,4,2168.0,2070.0,1.0469731462070186,BORDERLINE,-32.92177,-60.77066
Otro,480.0,4,1583.0,1551.0,1.0211081442911862,BORDERLINE,-32.92281,-60.768677
Otro,320.0,4,2969.0,2383.0,1.2458358217547658,BORDERLINE,-32.923042,-60.76089
Otro,480.0,3,438.0,567.0,0.7715726027587919,BORDERLINE,-32.919994,-60.752098
Otro,648.0,8,1065.0,1191.0,0.8943421762176601,BORDERLINE,-32.948116,-60.652905
Otro,1200.0,4,633.0,707.0,0.8960636710471681,BORDERLINE,-32.92177,-60.77066
Otro,500.0,5,900.0,1070.0,0.8409150912477256,BORDERLINE,-32.92212883333334,-60.740839666666666
Otro,336.0,8,592.0,615.0,0.963277659259543,BORDERLINE,-32.949322333333335,-60.711931166666666
Otro,2438.0,3,779.0,810.0,0.9626078159185488,BORDERLINE,-32.89921,-60.684875
Otro,550.0,7,1455.0,1153.0,1.2614659430636757,BORDERLINE,-32.9319458,-60.734509
Otro,1626.0,6,603.0,824.0,0.7316488428137621,BORDERLINE,-32.947265200000004,-60.664612399999996
Otro,459.0,4,1416.0,1331.0,1.0641397868276992,BORDERLINE,-32.906444,-60.76303839999999
Otro,500.0,4,1100.0,1082.0,1.0163512940406088,BORDERLINE,-32.925316,-60.74558
Otro,378.0,4,926.0,1190.0,0.778254559675241,BORDERLINE,-32.917263,-60.76481
Otro,735.0,6,1156.0,980.0,1.1796066880642018,BORDERLINE,-32.947265200000004,-60.664612399999996
Otro,403.0,4,596.0,817.0,0.7287258583396281,BORDERLINE,-32.926952,-60.75926
Otro,361.0,4,2493.0,2307.0,1.0805275199681468,BORDERLINE,-32.923042,-60.76089
Otro,49.0,1,735.0,797.0,0.9214380619856235,BORDERLINE,-32.874268,-60.736996
Otro,450.0,8,442.0,482.0,0.9168233452134493,BORDERLINE,-32.9182612,-60.737218
Otro,550.0,4,727.0,810.0,0.8976512832966926,BORDERLINE,-32.90179,-60.690388
Otro,500.0,3,480.0,756.0,0.6352679800713367,UNDERPRICED,-32.921017,-60.741333
Otro,175.0,5,1600.0,1134.0,1.4108748172221661,OVERPRICED,-32.881589857142856,-60.69571542857143
Otro,500.0,5,1300.0,1070.0,1.2146551318022702,BORDERLINE,-32.92212883333334,-60.740839666666666
Pellegrini,350.0,5,1743.0,1843.0,0.9456246431903587,BORDERLINE,-32.93203,-60.75685
Otro,480.0,4,479.0,519.0,0.9231158385996934,BORDERLINE,-33.000053,-60.650635
Otro,624.0,4,513.0,507.0,1.0122836229846,BORDERLINE,-32.92761816666666,-60.681745
Otro,850.0,3,424.0,529.0,0.8001267001180412,BORDERLINE,-32.940876,-60.76468
Otro,496.0,4,605.0,795.0,0.7608279211000646,BORDERLINE,-32.925755249999995,-60.727199
Otro,700.0,5,557.0,642.0,0.8678191753481108,BORDERLINE,-32.929867,-60.727066
Otro,222.0,5,450.0,616.0,0.7307848261872808,BORDERLINE,-32.88878000000001,-60.72445280000001
Otro,450.0,4,489.0,656.0,0.7447407629053774,BORDERLINE,-32.89474366666666,-60.6958535
Otro,876.11,15,856.0,762.0,1.1234558208272025,BORDERLINE,-32.94319,-60.63654
Otro,412.0,4,1432.0,1489.0,0.9614986478179527,BORDERLINE,-32.897263,-60.74744
Otro,674.0,5,2077.0,1887.0,1.100681139618988,BORDERLINE,-32.93203,-60.75685
Otro,624.0,5,1763.0,1512.0,1.165635089529848,BORDERLINE,-32.94927,-60.656307
Otro,540.0,3,1093.0,995.0,1.0982561598947203,BORDERLINE,-32.90918,-60.76006
Otro,400.0,5,3250.0,2763.0,1.1762949356924335,BORDERLINE,-32.942097,-60.64261
Otro,330.0,3,2576.0,2114.0,1.218196597911411,BORDERLINE,-32.91873,-60.764183
Otro,400.0,4,2100.0,2120.0,0.9905447417087179,BORDERLINE,-32.92014,-60.770287
Otro,859.0,3,1048.0,938.0,1.1164268296119453,BORDERLINE,-32.9600862,-60.633652000000005
Otro,361.0,4,2493.0,2232.0,1.116855696486752,BORDERLINE,-32.920124,-60.770855
Otro,384.0,5,518.0,968.0,0.5352876051834553,UNDERPRICED,-32.924248,-60.737373
Otro,675.0,3,667.0,671.0,0.993805615986666,BORDERLINE,-32.895065,-60.68647
Otro,620.0,4,516.0,532.0,0.9706902731071868,BORDERLINE,-32.999935,-60.650944
Otro,1200.0,4,625.0,779.0,0.8020340973838642,BORDERLINE,-32.919483,-60.768322
Otro,379.17,5,1187.0,1077.0,1.1020162842736625,BORDERLINE,-32.891415,-60.687637
Otro,250.0,5,520.0,841.0,0.6185722582650273,UNDERPRICED,-32.881054,-60.68705
Otro,800.0,4,549.0,569.0,0.9636326627345713,BORDERLINE,-32.91788,-60.774143
Otro,470.0,4,404.0,587.0,0.6887703942057489,UNDERPRICED,-32.94918,-60.63133
Otro,285.0,2,421.0,526.0,0.8010317361153048,BORDERLINE,-33.00644619999999,-60.63558820000001
Otro,579.0,6,432.0,551.0,0.7832917879149829,BORDERLINE,-32.962406,-60.634842
Otro,790.0,3,430.0,574.0,0.7492240895355116,BORDERLINE,-32.89925614285714,-60.69154928571429
Otro,258.0,6,601.0,608.0,0.9880280564896602,BORDERLINE,-33.0030546,-60.6566474
Otro,1500.0,1,500.0,461.0,1.084255874118972,BORDERLINE,-32.91436,-60.757183
Otro,300.0,6,533.0,589.0,0.9058766584684457,BORDERLINE,-32.965594800000005,-60.71266059999999
Otro,428.0,5,584.0,654.0,0.8928444896303468,BORDERLINE,-32.975445,-60.66493
Otro,800.0,2,400.0,369.0,1.0847938585314247,BORDERLINE,-32.915966,-60.775574
Otro,251.2,6,677.0,551.0,1.228487552324348,BORDERLINE,-32.965594800000005,-60.71266059999999
Otro,638.0,9,862.0,939.0,0.918205293174086,BORDERLINE,-32.94359,-60.65761
Otro,450.0,5,844.0,1016.0,0.831055055281014,BORDERLINE,-32.922061799999994,-60.75120939999999
Otro,324.0,1,1355.0,1334.0,1.0158514390640159,BORDERLINE,-32.917877,-60.774143
Otro,416.0,6,1394.0,1345.0,1.0369547241121628,BORDERLINE,-32.942688,-60.659534
Otro,600.0,5,1417.0,1339.0,1.058111380290498,BORDERLINE,-32.925407,-60.74499
Otro,789.0,6,1267.0,1388.0,0.9130171824301903,BORDERLINE,-32.94900683333333,-60.655487
Otro,616.0,3,406.0,525.0,0.7736900816116317,BORDERLINE,-32.97323,-60.641037
Otro,1400.0,3,421.0,483.0,0.8722800777099131,BORDERLINE,-32.91436,-60.757183
Otro,500.0,5,2000.0,1496.0,1.3370700070516177,OVERPRICED,-32.94900683333333,-60.655487
Otro,722.0,16,582.0,726.0,0.8016384403532576,BORDERLINE,-32.93884,-60.646404
Otro,394.0,5,1777.0,1410.0,1.2603745786380853,BORDERLINE,-32.90260883333334,-60.68813483333333
Otro,887.0,5,665.0,720.0,0.9242848803099057,BORDERLINE,-32.901745,-60.686443
Otro,700.0,5,643.0,742.0,0.8661565975598094,BORDERLINE,-32.891434,-60.687584
Otro,449.97,3,444.0,514.0,0.8641383665535408,BORDERLINE,-32.878582,-60.689316
Otro,48.0,1,2562.0,2227.0,1.1507129157495442,BORDERLINE,-32.9058682,-60.7641014
Otro,369.0,5,1301.0,1042.0,1.2480953596845485,BORDERLINE,-32.978180333333334,-60.630373166666665
Otro,340.0,3,3235.0,2624.0,1.2330758879954298,BORDERLINE,-32.910706,-60.753952
Otro,700.0,3,686.0,575.0,1.193321269060693,BORDERLINE,-32.973804,-60.662292
Otro,424.0,7,684.0,686.0,0.9965424298747942,BORDERLINE,-32.931639399999995,-60.7133652
Otro,400.0,4,2100.0,2076.0,1.01145271445377,BORDERLINE,-32.920696,-60.76834
Otro,588.0,3,621.0,650.0,0.9552547865367972,BORDERLINE,-32.900767200000004,-60.690131199999996
Otro,800.0,3,650.0,651.0,0.997723295306347,BORDERLINE,-32.898156500000006,-60.68823469999999
Martin,500.0,4,700.0,696.0,1.0053652946418452,BORDERLINE,-32.87608,-60.688232
Otro,620.65,4,1047.0,938.0,1.1160628577123934,BORDERLINE,-32.903008,-60.6829
Otro,278.0,1,432.0,559.0,0.7718294082322922,BORDERLINE,-32.8783768,-60.694028200000005
Otro,399.0,5,471.0,802.0,0.5876768485388176,UNDERPRICED,-32.952957,-60.635468
Otro,520.0,3,442.0,503.0,0.8793757397953698,BORDERLINE,-33.00300059999999,-60.6372436
Otro,364.0,5,1813.0,1675.0,1.0827003374763757,BORDERLINE,-32.924217,-60.745327
Otro,373.45,4,1178.0,1396.0,0.8440898153712532,BORDERLINE,-32.918526,-60.773266
Otro,500.0,3,1180.0,966.0,1.2209258603563018,BORDERLINE,-32.91436,-60.757183
Otro,462.0,3,1775.0,1608.0,1.1037362557427481,BORDERLINE,-32.898277,-60.747463
Otro,495.0,4,475.0,550.0,0.862400706503672,BORDERLINE,-32.96766,-60.690945
Otro,50.0,1,600.0,701.0,0.8562049405675825,BORDERLINE,-32.874214,-60.73571
Otro,705.0,3,411.0,651.0,0.631405350037332,UNDERPRICED,-32.894742666666666,-60.68791583333333
Otro,865.0,15,867.0,758.0,1.1445664752049254,BORDERLINE,-32.94301,-60.637024
Otro,365.0,6,1890.0,1606.0,1.176971303830719,BORDERLINE,-32.94838036363636,-60.65243309090909
Otro,470.0,4,702.0,684.0,1.027247981474759,BORDERLINE,-32.87903,-60.693737
Otro,650.0,8,1062.0,1230.0,0.8632608529047502,BORDERLINE,-32.93336,-60.658028
Otro,1078.0,3,445.0,538.0,0.8282563600738347,BORDERLINE,-32.977844,-60.632122
Otro,345.0,5,1072.0,1222.0,0.8779655353628153,BORDERLINE,-32.923766500000006,-60.753123833333326
Otro,546.0,14,897.0,887.0,1.0116193882822875,BORDERLINE,-32.95372,-60.635643
Otro,620.0,3,403.0,462.0,0.8732179917519536,BORDERLINE,-32.93493683333333,-60.69444416666667
Otro,500.0,5,540.0,624.0,0.8651745762670905,BORDERLINE,-33.002567,-60.627106
Otro,480.0,4,1583.0,1479.0,1.0703075342072865,BORDERLINE,-32.91809,-60.776024
Pellegrini,1413.0,15,920.0,945.0,0.9736821811653447,BORDERLINE,-32.9581544,-60.637279
Otro,360.0,3,417.0,638.0,0.6535185026898722,UNDERPRICED,-33.00300059999999,-60.6372436
Otro,557.0,6,1526.0,1333.0,1.1449371081565558,BORDERLINE,-32.89848,-60.685303
Otro,412.0,4,1165.0,1068.0,1.0912938182823544,BORDERLINE,-33.00247,-60.62628
Otro,550.0,3,582.0,692.0,0.8406689987214392,BORDERLINE,-32.97789,-60.647198
Otro,550.0,4,582.0,676.0,0.8602483249281648,BORDERLINE,-32.8741484,-60.695624599999995
Otro,280.0,6,1036.0,880.0,1.1768922867728075,BORDERLINE,-32.88987685714285,-60.69333828571428
Otro,60.0,1,2967.0,2629.0,1.1284025777470654,BORDERLINE,-32.9138498,-60.766260599999995
Otro,350.0,10,1857.0,1585.0,1.1718849930242992,BORDERLINE,-32.953625,-60.63585
Otro,370.0,5,527.0,806.0,0.6539984468837096,UNDERPRICED,-32.907439,-60.687911111111106
Pellegrini,355.0,4,2000.0,1851.0,1.0804692267698999,BORDERLINE,-32.933453,-60.75555
Otro,385.0,4,2182.0,2095.0,1.0413687492289994,BORDERLINE,-32.91835,-60.776073
Otro,602.0,3,448.0,559.0,0.8016743161035595,BORDERLINE,-32.97469,-60.643093
Otro,419.0,3,704.0,1049.0,0.6708611473158388,UNDERPRICED,-32.912617,-60.770874
Otro,300.0,5,1600.0,1316.0,1.2158650498776449,BORDERLINE,-32.88108,-60.690063
Otro,500.0,5,960.0,1070.0,0.8969760973309073,BORDERLINE,-32.92212883333334,-60.740839666666666
Otro,273.0,3,3040.0,2977.0,1.0211041448391072,BORDERLINE,-32.918324,-60.776085
Otro,385.0,6,1026.0,1194.0,0.859078216359652,BORDERLINE,-32.923504,-60.753246
Otro,465.0,4,1505.0,1320.0,1.140491063069854,BORDERLINE,-32.905666,-60.757313
Otro,650.0,8,1062.0,1161.0,0.914261728088008,BORDERLINE,-32.94838036363636,-60.65243309090909
Otro,684.0,4,599.0,641.0,0.9352764936083616,BORDERLINE,-32.89370685714285,-60.69144357142858
Otro,468.0,3,470.0,553.0,0.8501148968511547,BORDERLINE,-32.878563,-60.689327
Otro,414.0,4,676.0,754.0,0.8971177046016584,BORDERLINE,-32.997852,-60.634266
Otro,563.0,3,462.0,536.0,0.8622070679611527,BORDERLINE,-32.91806833333333,-60.67346283333333
Otro,888.0,6,664.0,695.0,0.9559703446308809,BORDERLINE,-32.901573,-60.686592
Otro,364.0,5,1813.0,1670.0,1.0855581478909295,BORDERLINE,-32.924507,-60.74254
Otro,725.0,4,897.0,876.0,1.0235699407496883,BORDERLINE,-32.903008,-60.6829
Otro,779.0,3,526.0,572.0,0.920700865040695,BORDERLINE,-32.921017,-60.741333
Otro,887.0,5,665.0,720.0,0.9242848803099057,BORDERLINE,-32.90165,-60.68672
Otro,367.5,5,1565.0,1605.0,0.9750288139592875,BORDERLINE,-32.898277,-60.747463
Otro,450.0,3,4000.0,3458.0,1.1567115662126874,BORDERLINE,-32.92177,-60.77066
Otro,400.0,4,2588.0,2052.0,1.2610838215236178,BORDERLINE,-32.92385,-60.7479
Otro,580.0,3,483.0,492.0,0.9805206166939181,BORDERLINE,-33.00457,-60.676525
Otro,355.99,4,1910.0,1554.0,1.2290077425652735,BORDERLINE,-32.87969,-60.688194
Otro,365.0,8,1890.0,1680.0,1.1250624783479992,BORDERLINE,-32.948116,-60.652905
Pellegrini,425.0,4,1718.0,1688.0,1.0176842844453846,BORDERLINE,-32.93221,-60.752453
Otro,880.0,3,466.0,356.0,1.306931555410265,OVERPRICED,-32.91997057142857,-60.738716142857136
Pellegrini,411.0,5,1849.0,1552.0,1.1914382368073966,BORDERLINE,-32.95607,-60.648792
Otro,327.0,4,428.0,642.0,0.6664477923119088,UNDERPRICED,-33.00125,-60.65377
Otro,310.0,6,419.0,889.0,0.4719487312972211,UNDERPRICED,-32.935925,-60.740135
Otro,440.0,5,2500.0,2160.0,1.1574619434632392,BORDERLINE,-32.909966,-60.75557
Otro,560.0,3,500.0,583.0,0.8582422404668838,BORDERLINE,-32.916534,-60.77212
Otro,450.0,4,1144.0,895.0,1.2786925549529855,BORDERLINE,-32.99804,-60.634064
Otro,436.0,7,619.0,692.0,0.8945583306164481,BORDERLINE,-32.948082,-60.635983
Otro,358.0,3,2095.0,2156.0,0.9715711479257886,BORDERLINE,-32.92177,-60.77066
Otro,233.0,3,416.0,861.0,0.4835872096692409,UNDERPRICED,-32.874781666666664,-60.69222283333334
Otro,470.0,5,1319.0,1304.0,1.0114914718174648,BORDERLINE,-32.92432,-60.741196
Otro,335.0,4,1194.0,1256.0,0.9505281978893615,BORDERLINE,-32.90770283333333,-60.766403833333335
Otro,1429.0,4,2029.0,1753.0,1.1576632138989453,BORDERLINE,-32.948307,-60.65724
Otro,360.0,7,1028.0,1180.0,0.8713692096482911,BORDERLINE,-32.91056,-60.768707
Otro,611.0,5,1637.0,1519.0,1.0773179673507205,BORDERLINE,-32.887825,-60.68804
Otro,384.93,5,1715.0,1545.0,1.1095859649808717,BORDERLINE,-32.924507,-60.742455
Otro,153.0,1,556.0,707.0,0.7855921068918569,BORDERLINE,-32.873318,-60.738716
Otro,540.0,7,722.0,940.0,0.7683755236242887,BORDERLINE,-32.945404,-60.64998
Otro,105.0,5,2810.0,2321.0,1.2102788281949415,BORDERLINE,-32.924896,-60.738575
