cluster,n,lat_c,lon_c,vm2_median,vm2_mean,vm2_std,macro_dominante
0,5116,-32.9491,-60.6487,1700,1716,608,centro_premium
1,143,-32.9176,-60.6799,938,1048,458,norte
2,86,-32.9203,-60.7293,1700,1538,446,norte
3,8,-32.9457,-60.6793,1352,1243,505,macrocentro
4,46,-32.9743,-60.6404,870,929,383,macrocentro
5,44,-32.8737,-60.6994,1633,1621,642,norte
6,53,-32.9733,-60.6476,951,1035,450,macrocentro
7,91,-32.9253,-60.7393,1497,1482,414,norte
8,13,-32.9224,-60.7408,1168,1197,265,norte
9,50,-32.9234,-60.6715,1448,1702,883,macrocentro
10,15,-32.8803,-60.6959,1788,1579,343,norte
11,10,-32.9019,-60.685,1553,1552,814,norte
12,16,-32.9149,-60.7616,1982,1813,418,norte
13,28,-32.9083,-60.6823,1433,1323,321,norte
14,41,-32.9275,-60.6643,2531,2429,601,centro_premium
15,11,-32.885,-60.6898,1006,962,210,norte
16,30,-32.9129,-60.6763,2161,2240,890,norte
17,23,-32.9237,-60.6654,2600,2616,839,centro_premium
18,8,-32.8917,-60.6918,1373,1247,342,norte
19,17,-32.916,-60.6734,1925,1557,800,norte
20,76,-32.9337,-60.7385,1498,1546,227,oeste
21,6,-32.9149,-60.7676,1973,1968,573,norte
22,21,-32.926,-60.6749,1734,1543,538,macrocentro
23,39,-32.9261,-60.7493,1524,1595,454,norte
24,6,-32.9804,-60.6479,767,748,216,sur_default
25,40,-32.9503,-60.6797,749,884,465,macrocentro
26,12,-32.9148,-60.7549,1612,1583,363,norte
27,40,-32.9229,-60.7542,1372,1464,433,norte
28,21,-32.921,-60.7413,1498,1406,464,norte
29,8,-32.8732,-60.6954,864,953,320,norte
30,7,-32.8794,-60.7004,1383,1463,1000,norte
31,14,-32.9696,-60.6656,707,776,298,macrocentro
32,7,-32.9439,-60.6755,1226,1141,301,macrocentro
33,20,-32.9372,-60.6975,726,723,208,oeste
34,13,-32.9692,-60.6607,931,933,344,macrocentro
35,7,-32.8769,-60.6992,552,745,489,norte
36,8,-32.9077,-60.6872,848,1058,461,norte
37,5,-32.9987,-60.6492,491,592,178,sur_default
38,23,-32.9307,-60.7604,1364,1312,293,oeste
39,5,-32.9546,-60.6797,778,763,135,macrocentro
40,18,-32.9118,-60.6887,533,638,242,norte
41,21,-32.9584,-60.6692,848,891,344,centro_premium
42,5,-32.8772,-60.6959,1165,1128,277,norte
43,20,-32.9675,-60.6277,1007,997,248,macrocentro
44,5,-32.9399,-60.7346,719,766,145,oeste
45,6,-32.9971,-60.6636,685,683,212,sur_default
46,5,-32.9927,-60.6639,500,560,148,sur_default
47,12,-32.9841,-60.6542,645,628,118,sur_default
48,5,-32.8879,-60.7118,498,515,86,norte
49,11,-32.9652,-60.6639,821,911,325,macrocentro
50,11,-32.9328,-60.6859,1308,1424,527,macrocentro
51,34,-32.9773,-60.6494,739,780,257,sur_default
52,6,-32.9253,-60.7584,1698,2001,720,norte
53,20,-32.944,-60.6841,830,815,186,macrocentro
54,15,-32.9617,-60.669,732,776,331,macrocentro
55,13,-32.9743,-60.633,717,773,302,macrocentro
56,4,-32.9479,-60.6685,1305,1346,86,centro_premium
57,7,-32.9181,-60.6714,812,836,340,norte
58,11,-33.0007,-60.6508,708,681,142,sur_default
59,8,-32.9235,-60.676,955,1050,564,macrocentro
60,13,-32.9975,-60.6413,568,711,340,sur_default
61,29,-32.9417,-60.6886,765,755,228,macrocentro
62,11,-32.9632,-60.6531,1161,1233,378,macrocentro
63,6,-32.9684,-60.6479,533,530,60,macrocentro
64,9,-32.9481,-60.6824,872,887,148,macrocentro
65,11,-32.9152,-60.6872,759,786,174,norte
66,5,-32.9718,-60.6274,673,678,83,macrocentro
67,25,-32.9047,-60.6872,1050,1137,395,norte
68,13,-32.9471,-60.6972,727,742,200,oeste
69,15,-32.9176,-60.6886,700,817,295,norte
70,18,-32.9315,-60.7378,1122,1155,406,oeste
71,17,-32.9212,-60.7388,1302,1189,440,norte
72,7,-32.9129,-60.7664,1601,1663,646,norte
73,23,-32.8845,-60.6971,621,666,201,norte
74,5,-32.9259,-60.7447,1417,1597,643,norte
75,22,-32.9857,-60.6427,494,596,178,sur_default
76,5,-32.9221,-60.7282,984,918,170,norte
77,18,-32.9788,-60.6315,654,717,280,sur_default
78,6,-32.9204,-60.7527,1372,1250,463,norte
79,7,-32.88,-60.6885,1503,1745,687,norte
80,11,-32.9305,-60.7326,810,815,128,oeste
81,5,-32.9359,-60.7343,809,985,392,oeste
82,6,-32.9434,-60.697,810,786,201,oeste
83,8,-33.0015,-60.6534,593,565,109,sur_default
84,10,-32.9593,-60.6739,612,610,159,macrocentro
85,8,-32.9721,-60.6716,606,697,339,macrocentro
86,11,-32.9563,-60.6817,583,714,299,macrocentro
87,4,-32.9434,-60.6779,925,941,299,macrocentro
88,8,-32.9345,-60.7057,585,677,250,oeste
89,6,-32.942,-60.712,665,782,376,oeste
90,5,-32.9772,-60.6628,475,532,164,sur_default
91,14,-32.9444,-60.6943,634,688,177,oeste
92,11,-32.9148,-60.7576,1245,1268,475,norte
93,7,-32.9356,-60.7179,561,630,253,oeste
94,14,-32.8922,-60.6887,891,1032,353,norte
95,13,-32.9356,-60.7589,1944,1770,378,oeste
96,7,-32.9494,-60.7117,514,548,168,oeste
97,6,-32.898,-60.7474,1906,1824,279,norte
98,7,-32.9218,-60.7334,1192,1265,493,norte
99,15,-32.8827,-60.6942,760,817,327,norte
100,5,-32.9318,-60.7296,1025,1118,528,oeste
101,12,-32.9052,-60.6915,846,792,198,norte
102,12,-32.975,-60.6645,584,706,328,sur_default
103,7,-32.932,-60.7346,1062,993,286,oeste
104,13,-32.9468,-60.7046,612,652,247,oeste
105,13,-32.9797,-60.6403,711,752,302,sur_default
106,5,-32.906,-60.7638,1719,1682,575,norte
107,6,-33.0154,-60.6451,1165,1178,507,sur_default
108,6,-32.9197,-60.7445,793,809,118,norte
109,8,-32.997,-60.6499,623,579,121,sur_default
110,5,-33.0015,-60.6322,882,849,75,sur_default
111,5,-32.9352,-60.6943,644,599,130,oeste
112,5,-32.9023,-60.6937,1004,911,373,norte
113,7,-32.9773,-60.659,629,664,186,sur_default
114,7,-32.9295,-60.6886,500,539,135,macrocentro
115,15,-32.9823,-60.643,660,756,222,sur_default
116,10,-32.9009,-60.6897,914,963,317,norte
117,6,-32.9253,-60.7269,847,995,437,norte
118,5,-32.9329,-60.7173,854,788,196,oeste
119,5,-32.9291,-60.7275,1000,1062,397,norte
120,10,-32.9766,-60.6555,594,649,222,sur_default
121,5,-32.8829,-60.7056,830,769,240,norte
122,12,-32.8944,-60.6972,720,826,374,norte
123,6,-32.9293,-60.6775,693,685,199,macrocentro
124,6,-32.9322,-60.7268,1039,1086,278,oeste
125,5,-32.9293,-60.6826,584,925,847,macrocentro
126,8,-32.985,-60.6508,656,741,261,sur_default
127,5,-32.9441,-60.7011,538,561,75,oeste
128,5,-32.922,-60.749,981,943,78,norte
129,5,-33.002,-60.6297,623,579,115,sur_default
130,8,-33.0029,-60.6373,668,627,187,sur_default
131,8,-32.9272,-60.7248,851,905,103,norte
132,6,-32.9082,-60.6891,691,751,226,norte
133,5,-32.9919,-60.6249,511,972,753,sur_default
134,7,-32.9301,-60.7166,733,670,239,norte
135,5,-32.9346,-60.7085,725,739,209,oeste
136,5,-32.9346,-60.6864,643,644,179,macrocentro
137,5,-32.9266,-60.7611,740,773,114,norte
138,9,-32.9698,-60.6783,1311,1362,79,macrocentro
139,5,-32.8819,-60.6898,1556,1369,555,norte
140,5,-32.9451,-60.7141,508,510,26,oeste
141,4,-32.9074,-60.6911,603,600,184,norte
142,6,-32.9128,-60.6794,810,888,348,norte
143,5,-32.9724,-60.6294,569,655,265,macrocentro
144,8,-32.9409,-60.7053,685,714,212,oeste
145,5,-32.932,-60.7065,496,530,114,oeste
146,3,-32.9759,-60.6611,889,950,226,sur_default
147,4,-32.9708,-60.6684,752,732,97,macrocentro
148,6,-33.0001,-60.6331,801,803,249,sur_default
149,5,-32.9348,-60.6821,893,875,97,macrocentro
150,5,-32.9665,-60.6583,1083,954,240,macrocentro
