lat,lon,vm2_2025,vm2_1970,pendiente_pct,macrozona
-33.03,-60.72,868.0,790.0,0.17,norte
-33.03,-60.7167,868.0,790.0,0.17,norte
-33.03,-60.7133,868.0,790.0,0.17,norte
-33.03,-60.71,868.0,790.0,0.17,norte
-33.03,-60.7067,868.0,790.0,0.17,norte
-33.03,-60.7033,868.0,790.0,0.17,norte
-33.03,-60.7,868.0,790.0,0.17,norte
-33.03,-60.6967,868.0,790.0,0.17,norte
-33.03,-60.6933,868.0,790.0,0.17,norte
-33.03,-60.69,868.0,790.0,0.17,norte
-33.03,-60.6867,868.0,790.0,0.17,norte
-33.03,-60.6833,868.0,790.0,0.17,norte
-33.03,-60.68,868.0,790.0,0.17,norte
-33.03,-60.6767,868.0,790.0,0.17,norte
-33.03,-60.6733,887.0,803.0,0.179,norte
-33.03,-60.67,887.0,803.0,0.179,norte
-33.03,-60.6667,882.0,793.0,0.193,norte
-33.03,-60.6633,877.0,779.0,0.216,norte
-33.03,-60.66,910.0,793.0,0.25,norte
-33.03,-60.6567,907.0,794.0,0.242,norte
-33.03,-60.6533,929.0,809.0,0.251,norte
-33.03,-60.65,933.0,841.0,0.19,norte
-33.03,-60.6467,955.0,861.0,0.188,norte
-33.03,-60.6433,954.0,889.0,0.129,norte
-33.03,-60.64,857.0,786.0,0.158,norte
-33.03,-60.6367,861.0,785.0,0.168,norte
-33.03,-60.6333,846.0,791.0,0.124,norte
-33.03,-60.63,770.0,732.0,0.092,norte
-33.03,-60.6267,776.0,743.0,0.079,norte
-33.03,-60.6233,804.0,789.0,0.036,norte
-33.03,-60.62,804.0,789.0,0.036,norte
-33.03,-60.6167,804.0,789.0,0.036,norte
-33.03,-60.6133,804.0,789.0,0.036,norte
-33.03,-60.61,804.0,789.0,0.036,norte
-33.03,-60.6067,804.0,789.0,0.036,norte
-33.03,-60.6033,804.0,789.0,0.036,norte
-33.03,-60.6,804.0,789.0,0.036,norte
-33.03,-60.5967,804.0,789.0,0.036,norte
-33.03,-60.5933,804.0,789.0,0.036,norte
-33.03,-60.59,804.0,789.0,0.036,norte
-33.0267,-60.72,868.0,790.0,0.17,norte
-33.0267,-60.7167,868.0,790.0,0.17,norte
-33.0267,-60.7133,868.0,790.0,0.17,norte
-33.0267,-60.71,868.0,790.0,0.17,norte
-33.0267,-60.7067,868.0,790.0,0.17,norte
-33.0267,-60.7033,868.0,790.0,0.17,norte
-33.0267,-60.7,868.0,790.0,0.17,norte
-33.0267,-60.6967,868.0,790.0,0.17,norte
-33.0267,-60.6933,868.0,790.0,0.17,norte
-33.0267,-60.69,868.0,790.0,0.17,norte
-33.0267,-60.6867,868.0,790.0,0.17,norte
-33.0267,-60.6833,868.0,790.0,0.17,norte
-33.0267,-60.68,868.0,790.0,0.17,norte
-33.0267,-60.6767,868.0,790.0,0.17,norte
-33.0267,-60.6733,887.0,803.0,0.179,norte
-33.0267,-60.67,887.0,803.0,0.179,norte
-33.0267,-60.6667,882.0,793.0,0.193,norte
-33.0267,-60.6633,877.0,779.0,0.216,norte
-33.0267,-60.66,910.0,793.0,0.25,norte
-33.0267,-60.6567,907.0,794.0,0.242,norte
-33.0267,-60.6533,929.0,809.0,0.251,norte
-33.0267,-60.65,933.0,841.0,0.19,norte
-33.0267,-60.6467,955.0,861.0,0.188,norte
-33.0267,-60.6433,954.0,889.0,0.129,norte
-33.0267,-60.64,857.0,786.0,0.158,norte
-33.0267,-60.6367,861.0,785.0,0.168,norte
-33.0267,-60.6333,846.0,791.0,0.124,norte
-33.0267,-60.63,770.0,732.0,0.092,norte
-33.0267,-60.6267,776.0,743.0,0.079,norte
-33.0267,-60.6233,804.0,789.0,0.036,norte
-33.0267,-60.62,804.0,789.0,0.036,norte
-33.0267,-60.6167,804.0,789.0,0.036,norte
-33.0267,-60.6133,804.0,789.0,0.036,norte
-33.0267,-60.61,804.0,789.0,0.036,norte
-33.0267,-60.6067,804.0,789.0,0.036,norte
-33.0267,-60.6033,804.0,789.0,0.036,norte
-33.0267,-60.6,804.0,789.0,0.036,norte
-33.0267,-60.5967,804.0,789.0,0.036,norte
-33.0267,-60.5933,804.0,789.0,0.036,norte
-33.0267,-60.59,804.0,789.0,0.036,norte
-33.0233,-60.72,868.0,790.0,0.17,norte
-33.0233,-60.7167,868.0,790.0,0.17,norte
-33.0233,-60.7133,868.0,790.0,0.17,norte
-33.0233,-60.71,868.0,790.0,0.17,norte
-33.0233,-60.7067,868.0,790.0,0.17,norte
-33.0233,-60.7033,868.0,790.0,0.17,norte
-33.0233,-60.7,868.0,790.0,0.17,norte
-33.0233,-60.6967,868.0,790.0,0.17,norte
-33.0233,-60.6933,868.0,790.0,0.17,norte
-33.0233,-60.69,868.0,790.0,0.17,norte
-33.0233,-60.6867,868.0,790.0,0.17,norte
-33.0233,-60.6833,868.0,790.0,0.17,norte
-33.0233,-60.68,868.0,790.0,0.17,norte
-33.0233,-60.6767,868.0,790.0,0.17,norte
-33.0233,-60.6733,887.0,803.0,0.179,norte
-33.0233,-60.67,887.0,803.0,0.179,norte
-33.0233,-60.6667,882.0,793.0,0.193,norte
-33.0233,-60.6633,877.0,779.0,0.216,norte
-33.0233,-60.66,910.0,793.0,0.25,norte
-33.0233,-60.6567,907.0,794.0,0.242,norte
-33.0233,-60.6533,929.0,809.0,0.251,norte
-33.0233,-60.65,933.0,841.0,0.19,norte
-33.0233,-60.6467,955.0,861.0,0.188,norte
-33.0233,-60.6433,954.0,889.0,0.129,norte
-33.0233,-60.64,857.0,786.0,0.158,norte
-33.0233,-60.6367,861.0,785.0,0.168,norte
-33.0233,-60.6333,846.0,791.0,0.124,norte
-33.0233,-60.63,770.0,732.0,0.092,norte
-33.0233,-60.6267,776.0,743.0,0.079,norte
-33.0233,-60.6233,804.0,789.0,0.036,norte
-33.0233,-60.62,804.0,789.0,0.036,norte
-33.0233,-60.6167,804.0,789.0,0.036,norte
-33.0233,-60.6133,804.0,789.0,0.036,norte
-33.0233,-60.61,804.0,789.0,0.036,norte
-33.0233,-60.6067,804.0,789.0,0.036,norte
-33.0233,-60.6033,804.0,789.0,0.036,norte
-33.0233,-60.6,804.0,789.0,0.036,norte
-33.0233,-60.5967,804.0,789.0,0.036,norte
-33.0233,-60.5933,804.0,789.0,0.036,norte
-33.0233,-60.59,804.0,789.0,0.036,norte
-33.02,-60.72,868.0,790.0,0.17,norte
-33.02,-60.7167,868.0,790.0,0.17,norte
-33.02,-60.7133,868.0,790.0,0.17,norte
-33.02,-60.71,868.0,790.0,0.17,norte
-33.02,-60.7067,868.0,790.0,0.17,norte
-33.02,-60.7033,868.0,790.0,0.17,norte
-33.02,-60.7,868.0,790.0,0.17,norte
-33.02,-60.6967,868.0,790.0,0.17,norte
-33.02,-60.6933,868.0,790.0,0.17,norte
-33.02,-60.69,868.0,790.0,0.17,norte
-33.02,-60.6867,868.0,790.0,0.17,norte
-33.02,-60.6833,868.0,790.0,0.17,norte
-33.02,-60.68,868.0,790.0,0.17,norte
-33.02,-60.6767,868.0,790.0,0.17,norte
-33.02,-60.6733,887.0,803.0,0.179,norte
-33.02,-60.67,887.0,803.0,0.179,norte
-33.02,-60.6667,882.0,793.0,0.193,norte
-33.02,-60.6633,877.0,779.0,0.216,norte
-33.02,-60.66,910.0,793.0,0.25,norte
-33.02,-60.6567,907.0,794.0,0.242,norte
-33.02,-60.6533,929.0,809.0,0.251,norte
-33.02,-60.65,933.0,841.0,0.19,norte
-33.02,-60.6467,955.0,861.0,0.188,norte
-33.02,-60.6433,954.0,889.0,0.129,norte
-33.02,-60.64,857.0,786.0,0.158,norte
-33.02,-60.6367,861.0,785.0,0.168,norte
-33.02,-60.6333,846.0,791.0,0.124,norte
-33.02,-60.63,770.0,732.0,0.092,norte
-33.02,-60.6267,776.0,743.0,0.079,norte
-33.02,-60.6233,804.0,789.0,0.036,norte
-33.02,-60.62,804.0,789.0,0.036,norte
-33.02,-60.6167,804.0,789.0,0.036,norte
-33.02,-60.6133,804.0,789.0,0.036,norte
-33.02,-60.61,804.0,789.0,0.036,norte
-33.02,-60.6067,804.0,789.0,0.036,norte
-33.02,-60.6033,804.0,789.0,0.036,norte
-33.02,-60.6,804.0,789.0,0.036,norte
-33.02,-60.5967,804.0,789.0,0.036,norte
-33.02,-60.5933,804.0,789.0,0.036,norte
-33.02,-60.59,804.0,789.0,0.036,norte
-33.0167,-60.72,868.0,790.0,0.17,norte
-33.0167,-60.7167,868.0,790.0,0.17,norte
-33.0167,-60.7133,868.0,790.0,0.17,norte
-33.0167,-60.71,868.0,790.0,0.17,norte
-33.0167,-60.7067,868.0,790.0,0.17,norte
-33.0167,-60.7033,868.0,790.0,0.17,norte
-33.0167,-60.7,868.0,790.0,0.17,norte
-33.0167,-60.6967,868.0,790.0,0.17,norte
-33.0167,-60.6933,868.0,790.0,0.17,norte
-33.0167,-60.69,868.0,790.0,0.17,norte
-33.0167,-60.6867,868.0,790.0,0.17,norte
-33.0167,-60.6833,868.0,790.0,0.17,norte
-33.0167,-60.68,868.0,790.0,0.17,norte
-33.0167,-60.6767,868.0,790.0,0.17,norte
-33.0167,-60.6733,887.0,803.0,0.179,norte
-33.0167,-60.67,887.0,803.0,0.179,norte
-33.0167,-60.6667,882.0,793.0,0.193,norte
-33.0167,-60.6633,877.0,779.0,0.216,norte
-33.0167,-60.66,910.0,793.0,0.25,norte
-33.0167,-60.6567,907.0,794.0,0.242,norte
-33.0167,-60.6533,929.0,809.0,0.251,norte
-33.0167,-60.65,933.0,841.0,0.19,norte
-33.0167,-60.6467,955.0,861.0,0.188,norte
-33.0167,-60.6433,954.0,889.0,0.129,norte
-33.0167,-60.64,857.0,786.0,0.158,norte
-33.0167,-60.6367,861.0,785.0,0.168,norte
-33.0167,-60.6333,846.0,791.0,0.124,norte
-33.0167,-60.63,770.0,732.0,0.092,norte
-33.0167,-60.6267,776.0,743.0,0.079,norte
-33.0167,-60.6233,804.0,789.0,0.036,norte
-33.0167,-60.62,804.0,789.0,0.036,norte
-33.0167,-60.6167,804.0,789.0,0.036,norte
-33.0167,-60.6133,804.0,789.0,0.036,norte
-33.0167,-60.61,804.0,789.0,0.036,norte
-33.0167,-60.6067,804.0,789.0,0.036,norte
-33.0167,-60.6033,804.0,789.0,0.036,norte
-33.0167,-60.6,804.0,789.0,0.036,norte
-33.0167,-60.5967,804.0,789.0,0.036,norte
-33.0167,-60.5933,804.0,789.0,0.036,norte
-33.0167,-60.59,804.0,789.0,0.036,norte
-33.0133,-60.72,868.0,790.0,0.17,norte
-33.0133,-60.7167,868.0,790.0,0.17,norte
-33.0133,-60.7133,868.0,790.0,0.17,norte
-33.0133,-60.71,868.0,790.0,0.17,norte
-33.0133,-60.7067,868.0,790.0,0.17,norte
-33.0133,-60.7033,868.0,790.0,0.17,norte
-33.0133,-60.7,868.0,790.0,0.17,norte
-33.0133,-60.6967,868.0,790.0,0.17,norte
-33.0133,-60.6933,868.0,790.0,0.17,norte
-33.0133,-60.69,868.0,790.0,0.17,norte
-33.0133,-60.6867,868.0,790.0,0.17,norte
-33.0133,-60.6833,868.0,790.0,0.17,norte
-33.0133,-60.68,868.0,790.0,0.17,norte
-33.0133,-60.6767,868.0,790.0,0.17,norte
-33.0133,-60.6733,887.0,803.0,0.179,norte
-33.0133,-60.67,887.0,803.0,0.179,norte
-33.0133,-60.6667,882.0,793.0,0.193,norte
-33.0133,-60.6633,877.0,779.0,0.216,norte
-33.0133,-60.66,910.0,793.0,0.25,norte
-33.0133,-60.6567,907.0,794.0,0.242,norte
-33.0133,-60.6533,929.0,809.0,0.251,norte
-33.0133,-60.65,933.0,841.0,0.19,norte
-33.0133,-60.6467,955.0,861.0,0.188,norte
-33.0133,-60.6433,954.0,889.0,0.129,norte
-33.0133,-60.64,857.0,786.0,0.158,norte
-33.0133,-60.6367,861.0,785.0,0.168,norte
-33.0133,-60.6333,846.0,791.0,0.124,norte
-33.0133,-60.63,770.0,732.0,0.092,norte
-33.0133,-60.6267,776.0,743.0,0.079,norte
-33.0133,-60.6233,804.0,789.0,0.036,norte
-33.0133,-60.62,804.0,789.0,0.036,norte
-33.0133,-60.6167,804.0,789.0,0.036,norte
-33.0133,-60.6133,804.0,789.0,0.036,norte
-33.0133,-60.61,804.0,789.0,0.036,norte
-33.0133,-60.6067,804.0,789.0,0.036,norte
-33.0133,-60.6033,804.0,789.0,0.036,norte
-33.0133,-60.6,804.0,789.0,0.036,norte
-33.0133,-60.5967,804.0,789.0,0.036,norte
-33.0133,-60.5933,804.0,789.0,0.036,norte
-33.0133,-60.59,804.0,789.0,0.036,norte
-33.01,-60.72,873.0,793.0,0.174,norte
-33.01,-60.7167,873.0,793.0,0.174,norte
-33.01,-60.7133,873.0,793.0,0.174,norte
-33.01,-60.71,873.0,793.0,0.174,norte
-33.01,-60.7067,873.0,793.0,0.174,norte
-33.01,-60.7033,873.0,793.0,0.174,norte
-33.01,-60.7,873.0,793.0,0.174,norte
-33.01,-60.6967,873.0,793.0,0.174,norte
-33.01,-60.6933,873.0,793.0,0.174,norte
-33.01,-60.69,873.0,793.0,0.174,norte
-33.01,-60.6867,873.0,793.0,0.174,norte
-33.01,-60.6833,873.0,793.0,0.174,norte
-33.01,-60.68,873.0,793.0,0.174,norte
-33.01,-60.6767,873.0,793.0,0.174,norte
-33.01,-60.6733,891.0,806.0,0.183,norte
-33.01,-60.67,891.0,806.0,0.183,norte
-33.01,-60.6667,886.0,795.0,0.197,norte
-33.01,-60.6633,882.0,782.0,0.219,norte
-33.01,-60.66,914.0,795.0,0.254,norte
-33.01,-60.6567,912.0,796.0,0.245,norte
-33.01,-60.6533,934.0,812.0,0.255,norte
-33.01,-60.65,941.0,845.0,0.195,norte
-33.01,-60.6467,967.0,866.0,0.2,norte
-33.01,-60.6433,968.0,893.0,0.148,norte
-33.01,-60.64,874.0,793.0,0.178,norte
-33.01,-60.6367,879.0,792.0,0.188,norte
-33.01,-60.6333,864.0,795.0,0.15,norte
-33.01,-60.63,782.0,734.0,0.114,norte
-33.01,-60.6267,787.0,748.0,0.092,norte
-33.01,-60.6233,816.0,794.0,0.049,norte
-33.01,-60.62,816.0,794.0,0.049,norte
-33.01,-60.6167,816.0,794.0,0.049,norte
-33.01,-60.6133,816.0,794.0,0.049,norte
-33.01,-60.61,816.0,794.0,0.049,norte
-33.01,-60.6067,816.0,794.0,0.049,norte
-33.01,-60.6033,816.0,794.0,0.049,norte
-33.01,-60.6,816.0,794.0,0.049,norte
-33.01,-60.5967,816.0,794.0,0.049,norte
-33.01,-60.5933,816.0,794.0,0.049,norte
-33.01,-60.59,816.0,794.0,0.049,norte
-33.0067,-60.72,874.0,794.0,0.175,norte
-33.0067,-60.7167,874.0,794.0,0.175,norte
-33.0067,-60.7133,874.0,794.0,0.175,norte
-33.0067,-60.71,874.0,794.0,0.175,norte
-33.0067,-60.7067,874.0,794.0,0.175,norte
-33.0067,-60.7033,874.0,794.0,0.175,norte
-33.0067,-60.7,874.0,794.0,0.175,norte
-33.0067,-60.6967,874.0,794.0,0.175,norte
-33.0067,-60.6933,874.0,794.0,0.175,norte
-33.0067,-60.69,874.0,794.0,0.175,norte
-33.0067,-60.6867,874.0,794.0,0.175,norte
-33.0067,-60.6833,874.0,794.0,0.175,norte
-33.0067,-60.68,874.0,794.0,0.175,norte
-33.0067,-60.6767,874.0,794.0,0.175,norte
-33.0067,-60.6733,893.0,807.0,0.184,norte
-33.0067,-60.67,893.0,807.0,0.184,norte
-33.0067,-60.6667,888.0,796.0,0.198,norte
-33.0067,-60.6633,883.0,782.0,0.22,norte
-33.0067,-60.66,916.0,796.0,0.255,norte
-33.0067,-60.6567,913.0,797.0,0.246,norte
-33.0067,-60.6533,936.0,813.0,0.256,norte
-33.0067,-60.65,942.0,846.0,0.196,norte
-33.0067,-60.6467,968.0,867.0,0.201,norte
-33.0067,-60.6433,970.0,894.0,0.149,norte
-33.0067,-60.64,876.0,794.0,0.179,norte
-33.0067,-60.6367,879.0,793.0,0.187,norte
-33.0067,-60.6333,864.0,796.0,0.149,norte
-33.0067,-60.63,782.0,735.0,0.114,norte
-33.0067,-60.6267,788.0,749.0,0.092,norte
-33.0067,-60.6233,817.0,795.0,0.049,norte
-33.0067,-60.62,817.0,795.0,0.049,norte
-33.0067,-60.6167,817.0,795.0,0.049,norte
-33.0067,-60.6133,817.0,795.0,0.049,norte
-33.0067,-60.61,817.0,795.0,0.049,norte
-33.0067,-60.6067,817.0,795.0,0.049,norte
-33.0067,-60.6033,817.0,795.0,0.049,norte
-33.0067,-60.6,817.0,795.0,0.049,norte
-33.0067,-60.5967,817.0,795.0,0.049,norte
-33.0067,-60.5933,817.0,795.0,0.049,norte
-33.0067,-60.59,817.0,795.0,0.049,norte
-33.0033,-60.72,848.0,765.0,0.187,norte
-33.0033,-60.7167,848.0,765.0,0.187,norte
-33.0033,-60.7133,848.0,765.0,0.187,norte
-33.0033,-60.71,848.0,765.0,0.187,norte
-33.0033,-60.7067,848.0,765.0,0.187,norte
-33.0033,-60.7033,848.0,765.0,0.187,norte
-33.0033,-60.7,848.0,765.0,0.187,norte
-33.0033,-60.6967,848.0,765.0,0.187,norte
-33.0033,-60.6933,848.0,765.0,0.187,norte
-33.0033,-60.69,848.0,765.0,0.187,norte
-33.0033,-60.6867,848.0,765.0,0.187,norte
-33.0033,-60.6833,848.0,765.0,0.187,norte
-33.0033,-60.68,848.0,765.0,0.187,norte
-33.0033,-60.6767,848.0,765.0,0.187,norte
-33.0033,-60.6733,867.0,778.0,0.196,norte
-33.0033,-60.67,867.0,778.0,0.196,norte
-33.0033,-60.6667,862.0,768.0,0.21,norte
-33.0033,-60.6633,856.0,753.0,0.234,norte
-33.0033,-60.66,886.0,764.0,0.269,norte
-33.0033,-60.6567,882.0,765.0,0.259,norte
-33.0033,-60.6533,906.0,781.0,0.272,norte
-33.0033,-60.65,925.0,819.0,0.22,norte
-33.0033,-60.6467,951.0,846.0,0.212,norte
-33.0033,-60.6433,949.0,869.0,0.16,norte
-33.0033,-60.64,851.0,766.0,0.192,norte
-33.0033,-60.6367,843.0,759.0,0.19,norte
-33.0033,-60.6333,832.0,769.0,0.142,norte
-33.0033,-60.63,754.0,710.0,0.11,norte
-33.0033,-60.6267,760.0,724.0,0.088,norte
-33.0033,-60.6233,800.0,783.0,0.04,norte
-33.0033,-60.62,800.0,783.0,0.04,norte
-33.0033,-60.6167,800.0,783.0,0.04,norte
-33.0033,-60.6133,800.0,783.0,0.04,norte
-33.0033,-60.61,800.0,783.0,0.04,norte
-33.0033,-60.6067,800.0,783.0,0.04,norte
-33.0033,-60.6033,800.0,783.0,0.04,norte
-33.0033,-60.6,800.0,783.0,0.04,norte
-33.0033,-60.5967,800.0,783.0,0.04,norte
-33.0033,-60.5933,800.0,783.0,0.04,norte
-33.0033,-60.59,800.0,783.0,0.04,norte
-33.0,-60.72,840.0,766.0,0.168,norte
-33.0,-60.7167,840.0,766.0,0.168,norte
-33.0,-60.7133,840.0,766.0,0.168,norte
-33.0,-60.71,840.0,766.0,0.168,norte
-33.0,-60.7067,840.0,766.0,0.168,norte
-33.0,-60.7033,840.0,766.0,0.168,norte
-33.0,-60.7,840.0,766.0,0.168,norte
-33.0,-60.6967,840.0,766.0,0.168,norte
-33.0,-60.6933,840.0,766.0,0.168,norte
-33.0,-60.69,840.0,766.0,0.168,norte
-33.0,-60.6867,840.0,766.0,0.168,norte
-33.0,-60.6833,840.0,766.0,0.168,norte
-33.0,-60.68,840.0,766.0,0.168,norte
-33.0,-60.6767,840.0,766.0,0.168,norte
-33.0,-60.6733,859.0,779.0,0.177,norte
-33.0,-60.67,859.0,779.0,0.177,norte
-33.0,-60.6667,854.0,769.0,0.191,norte
-33.0,-60.6633,848.0,753.0,0.215,norte
-33.0,-60.66,878.0,765.0,0.251,norte
-33.0,-60.6567,875.0,766.0,0.242,norte
-33.0,-60.6533,901.0,784.0,0.251,norte
-33.0,-60.65,921.0,823.0,0.203,norte
-33.0,-60.6467,951.0,853.0,0.197,norte
-33.0,-60.6433,948.0,876.0,0.145,norte
-33.0,-60.64,851.0,773.0,0.172,norte
-33.0,-60.6367,842.0,767.0,0.17,norte
-33.0,-60.6333,832.0,776.0,0.126,norte
-33.0,-60.63,749.0,715.0,0.083,norte
-33.0,-60.6267,756.0,730.0,0.064,norte
-33.0,-60.6233,795.0,788.0,0.015,norte
-33.0,-60.62,795.0,788.0,0.015,norte
-33.0,-60.6167,795.0,788.0,0.015,norte
-33.0,-60.6133,795.0,788.0,0.015,norte
-33.0,-60.61,795.0,788.0,0.015,norte
-33.0,-60.6067,795.0,788.0,0.015,norte
-33.0,-60.6033,795.0,788.0,0.015,norte
-33.0,-60.6,795.0,788.0,0.015,norte
-33.0,-60.5967,795.0,788.0,0.015,norte
-33.0,-60.5933,795.0,788.0,0.015,norte
-33.0,-60.59,795.0,788.0,0.015,norte
-32.9967,-60.72,848.0,769.0,0.177,norte
-32.9967,-60.7167,848.0,769.0,0.177,norte
-32.9967,-60.7133,848.0,769.0,0.177,norte
-32.9967,-60.71,848.0,769.0,0.177,norte
-32.9967,-60.7067,848.0,769.0,0.177,norte
-32.9967,-60.7033,848.0,769.0,0.177,norte
-32.9967,-60.7,848.0,769.0,0.177,norte
-32.9967,-60.6967,848.0,769.0,0.177,norte
-32.9967,-60.6933,848.0,769.0,0.177,norte
-32.9967,-60.69,848.0,769.0,0.177,norte
-32.9967,-60.6867,848.0,769.0,0.177,norte
-32.9967,-60.6833,848.0,769.0,0.177,norte
-32.9967,-60.68,848.0,769.0,0.177,norte
-32.9967,-60.6767,848.0,769.0,0.177,norte
-32.9967,-60.6733,866.0,782.0,0.187,norte
-32.9967,-60.67,866.0,782.0,0.187,norte
-32.9967,-60.6667,863.0,773.0,0.2,norte
-32.9967,-60.6633,855.0,751.0,0.236,norte
-32.9967,-60.66,896.0,766.0,0.286,norte
-32.9967,-60.6567,893.0,766.0,0.279,norte
-32.9967,-60.6533,921.0,786.0,0.287,norte
-32.9967,-60.65,940.0,825.0,0.238,norte
-32.9967,-60.6467,972.0,856.0,0.232,norte
-32.9967,-60.6433,976.0,884.0,0.181,norte
-32.9967,-60.64,870.0,773.0,0.213,norte
-32.9967,-60.6367,855.0,761.0,0.212,norte
-32.9967,-60.6333,845.0,770.0,0.169,norte
-32.9967,-60.63,764.0,711.0,0.131,norte
-32.9967,-60.6267,766.0,720.0,0.114,norte
-32.9967,-60.6233,809.0,784.0,0.056,norte
-32.9967,-60.62,809.0,784.0,0.056,norte
-32.9967,-60.6167,809.0,784.0,0.056,norte
-32.9967,-60.6133,809.0,784.0,0.056,norte
-32.9967,-60.61,809.0,784.0,0.056,norte
-32.9967,-60.6067,809.0,784.0,0.056,norte
-32.9967,-60.6033,809.0,784.0,0.056,norte
-32.9967,-60.6,809.0,784.0,0.056,norte
-32.9967,-60.5967,809.0,784.0,0.056,norte
-32.9967,-60.5933,809.0,784.0,0.056,norte
-32.9967,-60.59,809.0,784.0,0.056,norte
-32.9933,-60.72,839.0,760.0,0.18,norte
-32.9933,-60.7167,839.0,760.0,0.18,norte
-32.9933,-60.7133,839.0,760.0,0.18,norte
-32.9933,-60.71,839.0,760.0,0.18,norte
-32.9933,-60.7067,839.0,760.0,0.18,norte
-32.9933,-60.7033,839.0,760.0,0.18,norte
-32.9933,-60.7,839.0,760.0,0.18,norte
-32.9933,-60.6967,839.0,760.0,0.18,norte
-32.9933,-60.6933,839.0,760.0,0.18,norte
-32.9933,-60.69,839.0,760.0,0.18,norte
-32.9933,-60.6867,839.0,760.0,0.18,norte
-32.9933,-60.6833,839.0,760.0,0.18,norte
-32.9933,-60.68,839.0,760.0,0.18,norte
-32.9933,-60.6767,839.0,760.0,0.18,norte
-32.9933,-60.6733,857.0,773.0,0.189,norte
-32.9933,-60.67,857.0,773.0,0.189,norte
-32.9933,-60.6667,851.0,761.0,0.204,norte
-32.9933,-60.6633,851.0,736.0,0.262,norte
-32.9933,-60.66,886.0,739.0,0.329,norte
-32.9933,-60.6567,882.0,738.0,0.322,norte
-32.9933,-60.6533,898.0,754.0,0.318,norte
-32.9933,-60.65,918.0,795.0,0.261,norte
-32.9933,-60.6467,938.0,817.0,0.252,norte
-32.9933,-60.6433,941.0,840.0,0.205,norte
-32.9933,-60.64,835.0,732.0,0.24,norte
-32.9933,-60.6367,823.0,719.0,0.246,norte
-32.9933,-60.6333,802.0,712.0,0.217,norte
-32.9933,-60.63,702.0,640.0,0.167,norte
-32.9933,-60.6267,706.0,650.0,0.149,norte
-32.9933,-60.6233,748.0,714.0,0.084,norte
-32.9933,-60.62,748.0,714.0,0.084,norte
-32.9933,-60.6167,748.0,714.0,0.084,norte
-32.9933,-60.6133,748.0,714.0,0.084,norte
-32.9933,-60.61,748.0,714.0,0.084,norte
-32.9933,-60.6067,748.0,714.0,0.084,norte
-32.9933,-60.6033,748.0,714.0,0.084,norte
-32.9933,-60.6,748.0,714.0,0.084,norte
-32.9933,-60.5967,748.0,714.0,0.084,norte
-32.9933,-60.5933,748.0,714.0,0.084,norte
-32.9933,-60.59,748.0,714.0,0.084,norte
-32.99,-60.72,828.0,759.0,0.157,norte
-32.99,-60.7167,828.0,759.0,0.157,norte
-32.99,-60.7133,828.0,759.0,0.157,norte
-32.99,-60.71,828.0,759.0,0.157,norte
-32.99,-60.7067,828.0,759.0,0.157,norte
-32.99,-60.7033,828.0,759.0,0.157,norte
-32.99,-60.7,828.0,759.0,0.157,norte
-32.99,-60.6967,828.0,759.0,0.157,norte
-32.99,-60.6933,828.0,759.0,0.157,norte
-32.99,-60.69,828.0,759.0,0.157,norte
-32.99,-60.6867,828.0,759.0,0.157,norte
-32.99,-60.6833,828.0,759.0,0.157,norte
-32.99,-60.68,828.0,759.0,0.157,norte
-32.99,-60.6767,828.0,759.0,0.157,norte
-32.99,-60.6733,847.0,773.0,0.166,norte
-32.99,-60.67,847.0,773.0,0.166,norte
-32.99,-60.6667,841.0,761.0,0.181,norte
-32.99,-60.6633,841.0,735.0,0.245,norte
-32.99,-60.66,869.0,729.0,0.318,norte
-32.99,-60.6567,864.0,725.0,0.318,norte
-32.99,-60.6533,875.0,737.0,0.313,norte
-32.99,-60.65,886.0,773.0,0.248,norte
-32.99,-60.6467,903.0,793.0,0.237,norte
-32.99,-60.6433,904.0,815.0,0.189,norte
-32.99,-60.64,804.0,707.0,0.234,norte
-32.99,-60.6367,791.0,695.0,0.237,norte
-32.99,-60.6333,772.0,687.0,0.211,norte
-32.99,-60.63,676.0,614.0,0.176,norte
-32.99,-60.6267,680.0,623.0,0.158,norte
-32.99,-60.6233,722.0,689.0,0.084,norte
-32.99,-60.62,722.0,689.0,0.084,norte
-32.99,-60.6167,722.0,689.0,0.084,norte
-32.99,-60.6133,722.0,689.0,0.084,norte
-32.99,-60.61,722.0,689.0,0.084,norte
-32.99,-60.6067,722.0,689.0,0.084,norte
-32.99,-60.6033,722.0,689.0,0.084,norte
-32.99,-60.6,722.0,689.0,0.084,norte
-32.99,-60.5967,722.0,689.0,0.084,norte
-32.99,-60.5933,722.0,689.0,0.084,norte
-32.99,-60.59,722.0,689.0,0.084,norte
-32.9867,-60.72,835.0,772.0,0.143,norte
-32.9867,-60.7167,835.0,772.0,0.143,norte
-32.9867,-60.7133,835.0,772.0,0.143,norte
-32.9867,-60.71,835.0,772.0,0.143,norte
-32.9867,-60.7067,835.0,772.0,0.143,norte
-32.9867,-60.7033,835.0,772.0,0.143,norte
-32.9867,-60.7,835.0,772.0,0.143,norte
-32.9867,-60.6967,835.0,772.0,0.143,norte
-32.9867,-60.6933,835.0,772.0,0.143,norte
-32.9867,-60.69,835.0,772.0,0.143,norte
-32.9867,-60.6867,835.0,772.0,0.143,norte
-32.9867,-60.6833,835.0,772.0,0.143,norte
-32.9867,-60.68,835.0,772.0,0.143,norte
-32.9867,-60.6767,835.0,772.0,0.143,norte
-32.9867,-60.6733,856.0,787.0,0.153,norte
-32.9867,-60.67,856.0,787.0,0.153,norte
-32.9867,-60.6667,849.0,774.0,0.168,norte
-32.9867,-60.6633,851.0,751.0,0.227,norte
-32.9867,-60.66,887.0,751.0,0.303,norte
-32.9867,-60.6567,883.0,748.0,0.302,norte
-32.9867,-60.6533,889.0,755.0,0.298,norte
-32.9867,-60.65,897.0,788.0,0.236,norte
-32.9867,-60.6467,912.0,804.0,0.229,norte
-32.9867,-60.6433,912.0,824.0,0.184,norte
-32.9867,-60.64,812.0,717.0,0.227,norte
-32.9867,-60.6367,801.0,704.0,0.233,norte
-32.9867,-60.6333,785.0,699.0,0.211,norte
-32.9867,-60.63,698.0,632.0,0.18,norte
-32.9867,-60.6267,701.0,639.0,0.17,norte
-32.9867,-60.6233,736.0,699.0,0.095,norte
-32.9867,-60.62,736.0,699.0,0.095,norte
-32.9867,-60.6167,736.0,699.0,0.095,norte
-32.9867,-60.6133,736.0,699.0,0.095,norte
-32.9867,-60.61,736.0,699.0,0.095,norte
-32.9867,-60.6067,736.0,699.0,0.095,norte
-32.9867,-60.6033,736.0,699.0,0.095,norte
-32.9867,-60.6,736.0,699.0,0.095,norte
-32.9867,-60.5967,736.0,699.0,0.095,norte
-32.9867,-60.5933,736.0,699.0,0.095,norte
-32.9867,-60.59,736.0,699.0,0.095,norte
-32.9833,-60.72,830.0,771.0,0.136,norte
-32.9833,-60.7167,830.0,771.0,0.136,norte
-32.9833,-60.7133,830.0,771.0,0.136,norte
-32.9833,-60.71,830.0,771.0,0.136,norte
-32.9833,-60.7067,830.0,771.0,0.136,norte
-32.9833,-60.7033,830.0,771.0,0.136,norte
-32.9833,-60.7,830.0,771.0,0.136,norte
-32.9833,-60.6967,830.0,771.0,0.136,norte
-32.9833,-60.6933,830.0,771.0,0.136,norte
-32.9833,-60.69,830.0,771.0,0.136,norte
-32.9833,-60.6867,830.0,771.0,0.136,norte
-32.9833,-60.6833,830.0,771.0,0.136,norte
-32.9833,-60.68,830.0,771.0,0.136,norte
-32.9833,-60.6767,830.0,770.0,0.136,norte
-32.9833,-60.6733,851.0,785.0,0.145,norte
-32.9833,-60.67,851.0,785.0,0.145,norte
-32.9833,-60.6667,844.0,772.0,0.16,norte
-32.9833,-60.6633,848.0,751.0,0.22,norte
-32.9833,-60.66,885.0,754.0,0.291,norte
-32.9833,-60.6567,880.0,750.0,0.292,norte
-32.9833,-60.6533,885.0,756.0,0.286,norte
-32.9833,-60.65,893.0,786.0,0.231,norte
-32.9833,-60.6467,907.0,798.0,0.232,norte
-32.9833,-60.6433,909.0,818.0,0.191,norte
-32.9833,-60.64,811.0,715.0,0.229,norte
-32.9833,-60.6367,800.0,706.0,0.228,norte
-32.9833,-60.6333,788.0,702.0,0.209,norte
-32.9833,-60.63,707.0,642.0,0.174,norte
-32.9833,-60.6267,710.0,650.0,0.161,norte
-32.9833,-60.6233,742.0,707.0,0.087,norte
-32.9833,-60.62,742.0,707.0,0.087,norte
-32.9833,-60.6167,742.0,707.0,0.087,norte
-32.9833,-60.6133,742.0,707.0,0.087,norte
-32.9833,-60.61,742.0,707.0,0.087,norte
-32.9833,-60.6067,742.0,707.0,0.087,norte
-32.9833,-60.6033,742.0,707.0,0.087,norte
-32.9833,-60.6,742.0,707.0,0.087,norte
-32.9833,-60.5967,742.0,707.0,0.087,norte
-32.9833,-60.5933,742.0,707.0,0.087,norte
-32.9833,-60.59,742.0,707.0,0.087,norte
-32.98,-60.72,899.0,875.0,0.049,norte
-32.98,-60.7167,899.0,875.0,0.049,norte
-32.98,-60.7133,899.0,875.0,0.049,norte
-32.98,-60.71,899.0,875.0,0.049,norte
-32.98,-60.7067,899.0,875.0,0.049,norte
-32.98,-60.7033,899.0,875.0,0.049,norte
-32.98,-60.7,899.0,875.0,0.049,norte
-32.98,-60.6967,899.0,875.0,0.049,norte
-32.98,-60.6933,899.0,875.0,0.049,norte
-32.98,-60.69,899.0,875.0,0.049,norte
-32.98,-60.6867,899.0,875.0,0.049,norte
-32.98,-60.6833,899.0,875.0,0.049,norte
-32.98,-60.68,899.0,875.0,0.049,norte
-32.98,-60.6767,898.0,875.0,0.048,norte
-32.98,-60.6733,921.0,893.0,0.058,norte
-32.98,-60.67,921.0,893.0,0.058,norte
-32.98,-60.6667,924.0,891.0,0.066,norte
-32.98,-60.6633,937.0,885.0,0.104,norte
-32.98,-60.66,983.0,902.0,0.156,norte
-32.98,-60.6567,979.0,895.0,0.162,norte
-32.98,-60.6533,988.0,904.0,0.16,norte
-32.98,-60.65,966.0,908.0,0.113,norte
-32.98,-60.6467,954.0,890.0,0.125,norte
-32.98,-60.6433,972.0,919.0,0.102,norte
-32.98,-60.64,873.0,812.0,0.132,norte
-32.98,-60.6367,852.0,790.0,0.136,norte
-32.98,-60.6333,842.0,783.0,0.132,norte
-32.98,-60.63,767.0,724.0,0.106,norte
-32.98,-60.6267,771.0,729.0,0.101,norte
-32.98,-60.6233,795.0,767.0,0.065,norte
-32.98,-60.62,795.0,767.0,0.065,norte
-32.98,-60.6167,795.0,767.0,0.065,norte
-32.98,-60.6133,795.0,767.0,0.065,norte
-32.98,-60.61,795.0,767.0,0.065,norte
-32.98,-60.6067,795.0,767.0,0.065,norte
-32.98,-60.6033,795.0,767.0,0.065,norte
-32.98,-60.6,795.0,767.0,0.065,norte
-32.98,-60.5967,795.0,767.0,0.065,norte
-32.98,-60.5933,795.0,767.0,0.065,norte
-32.98,-60.59,795.0,767.0,0.065,norte
-32.9767,-60.72,982.0,993.0,-0.02,norte
-32.9767,-60.7167,982.0,993.0,-0.02,norte
-32.9767,-60.7133,982.0,993.0,-0.02,norte
-32.9767,-60.71,982.0,993.0,-0.02,norte
-32.9767,-60.7067,982.0,993.0,-0.02,norte
-32.9767,-60.7033,982.0,993.0,-0.02,norte
-32.9767,-60.7,982.0,993.0,-0.02,norte
-32.9767,-60.6967,982.0,993.0,-0.02,norte
-32.9767,-60.6933,982.0,993.0,-0.02,norte
-32.9767,-60.69,982.0,993.0,-0.02,norte
-32.9767,-60.6867,982.0,993.0,-0.02,norte
-32.9767,-60.6833,982.0,993.0,-0.02,norte
-32.9767,-60.68,982.0,993.0,-0.02,norte
-32.9767,-60.6767,982.0,992.0,-0.02,norte
-32.9767,-60.6733,1006.0,1010.0,-0.008,norte
-32.9767,-60.67,1036.0,1044.0,-0.014,norte
-32.9767,-60.6667,1046.0,1048.0,-0.004,norte
-32.9767,-60.6633,1094.0,1077.0,0.028,norte
-32.9767,-60.66,1147.0,1095.0,0.085,norte
-32.9767,-60.6567,1144.0,1092.0,0.084,norte
-32.9767,-60.6533,1153.0,1092.0,0.099,norte
-32.9767,-60.65,1114.0,1100.0,0.022,norte
-32.9767,-60.6467,1071.0,1055.0,0.026,norte
-32.9767,-60.6433,1093.0,1094.0,-0.002,norte
-32.9767,-60.64,983.0,962.0,0.038,norte
-32.9767,-60.6367,931.0,912.0,0.038,norte
-32.9767,-60.6333,917.0,905.0,0.024,norte
-32.9767,-60.63,862.0,851.0,0.021,norte
-32.9767,-60.6267,858.0,855.0,0.008,norte
-32.9767,-60.6233,872.0,870.0,0.003,norte
-32.9767,-60.62,872.0,870.0,0.003,norte
-32.9767,-60.6167,872.0,870.0,0.003,norte
-32.9767,-60.6133,872.0,870.0,0.003,norte
-32.9767,-60.61,872.0,870.0,0.003,norte
-32.9767,-60.6067,872.0,870.0,0.003,norte
-32.9767,-60.6033,872.0,870.0,0.003,norte
-32.9767,-60.6,872.0,870.0,0.003,norte
-32.9767,-60.5967,872.0,870.0,0.003,norte
-32.9767,-60.5933,872.0,870.0,0.003,norte
-32.9767,-60.59,872.0,870.0,0.003,norte
-32.9733,-60.72,963.0,996.0,-0.062,norte
-32.9733,-60.7167,963.0,996.0,-0.062,norte
-32.9733,-60.7133,963.0,996.0,-0.062,norte
-32.9733,-60.71,963.0,996.0,-0.062,norte
-32.9733,-60.7067,963.0,996.0,-0.062,norte
-32.9733,-60.7033,963.0,996.0,-0.062,norte
-32.9733,-60.7,963.0,996.0,-0.062,norte
-32.9733,-60.6967,963.0,996.0,-0.062,norte
-32.9733,-60.6933,963.0,996.0,-0.062,norte
-32.9733,-60.69,963.0,996.0,-0.062,norte
-32.9733,-60.6867,963.0,996.0,-0.062,norte
-32.9733,-60.6833,963.0,996.0,-0.061,norte
-32.9733,-60.68,963.0,995.0,-0.06,norte
-32.9733,-60.6767,962.0,995.0,-0.06,norte
-32.9733,-60.6733,985.0,1022.0,-0.067,norte
-32.9733,-60.67,1020.0,1064.0,-0.078,norte
-32.9733,-60.6667,1041.0,1076.0,-0.061,macrocentro
-32.9733,-60.6633,1138.0,1131.0,0.01,macrocentro
-32.9733,-60.66,1220.0,1176.0,0.066,macrocentro
-32.9733,-60.6567,1209.0,1176.0,0.051,macrocentro
-32.9733,-60.6533,1218.0,1167.0,0.078,macrocentro
-32.9733,-60.65,1159.0,1208.0,-0.077,macrocentro
-32.9733,-60.6467,1078.0,1143.0,-0.105,macrocentro
-32.9733,-60.6433,1118.0,1212.0,-0.147,macrocentro
-32.9733,-60.64,1023.0,1078.0,-0.096,macrocentro
-32.9733,-60.6367,976.0,1035.0,-0.107,macrocentro
-32.9733,-60.6333,970.0,1029.0,-0.106,macrocentro
-32.9733,-60.63,922.0,981.0,-0.113,macrocentro
-32.9733,-60.6267,920.0,975.0,-0.105,macrocentro
-32.9733,-60.6233,930.0,985.0,-0.105,norte
-32.9733,-60.62,930.0,985.0,-0.105,norte
-32.9733,-60.6167,930.0,985.0,-0.105,norte
-32.9733,-60.6133,930.0,985.0,-0.105,norte
-32.9733,-60.61,930.0,985.0,-0.105,norte
-32.9733,-60.6067,930.0,985.0,-0.105,norte
-32.9733,-60.6033,930.0,985.0,-0.105,norte
-32.9733,-60.6,930.0,985.0,-0.105,norte
-32.9733,-60.5967,930.0,985.0,-0.105,norte
-32.9733,-60.5933,930.0,985.0,-0.105,norte
-32.9733,-60.59,930.0,985.0,-0.105,norte
-32.97,-60.72,938.0,956.0,-0.034,norte
-32.97,-60.7167,938.0,956.0,-0.034,norte
-32.97,-60.7133,938.0,956.0,-0.034,norte
-32.97,-60.71,938.0,956.0,-0.034,norte
-32.97,-60.7067,938.0,956.0,-0.034,norte
-32.97,-60.7033,938.0,956.0,-0.034,norte
-32.97,-60.7,938.0,956.0,-0.034,norte
-32.97,-60.6967,938.0,956.0,-0.034,norte
-32.97,-60.6933,938.0,956.0,-0.034,norte
-32.97,-60.69,938.0,956.0,-0.034,norte
-32.97,-60.6867,938.0,956.0,-0.034,norte
-32.97,-60.6833,938.0,956.0,-0.034,norte
-32.97,-60.68,938.0,955.0,-0.032,norte
-32.97,-60.6767,938.0,955.0,-0.033,norte
-32.97,-60.6733,961.0,980.0,-0.034,norte
-32.97,-60.67,991.0,1013.0,-0.039,norte
-32.97,-60.6667,1016.0,1024.0,-0.015,macrocentro
-32.97,-60.6633,1118.0,1084.0,0.056,macrocentro
-32.97,-60.66,1196.0,1131.0,0.102,macrocentro
-32.97,-60.6567,1179.0,1124.0,0.087,macrocentro
-32.97,-60.6533,1178.0,1103.0,0.121,macrocentro
-32.97,-60.65,1107.0,1136.0,-0.047,macrocentro
-32.97,-60.6467,1036.0,1090.0,-0.092,macrocentro
-32.97,-60.6433,1083.0,1165.0,-0.133,macrocentro
-32.97,-60.64,1016.0,1057.0,-0.071,macrocentro
-32.97,-60.6367,988.0,1042.0,-0.097,macrocentro
-32.97,-60.6333,982.0,1041.0,-0.105,macrocentro
-32.97,-60.63,929.0,990.0,-0.115,macrocentro
-32.97,-60.6267,928.0,983.0,-0.105,macrocentro
-32.97,-60.6233,936.0,989.0,-0.1,norte
-32.97,-60.62,936.0,989.0,-0.1,norte
-32.97,-60.6167,936.0,989.0,-0.1,norte
-32.97,-60.6133,936.0,989.0,-0.1,norte
-32.97,-60.61,936.0,989.0,-0.1,norte
-32.97,-60.6067,936.0,989.0,-0.1,norte
-32.97,-60.6033,936.0,989.0,-0.1,norte
-32.97,-60.6,936.0,989.0,-0.1,norte
-32.97,-60.5967,936.0,989.0,-0.1,norte
-32.97,-60.5933,936.0,989.0,-0.1,norte
-32.97,-60.59,936.0,989.0,-0.1,norte
-32.9667,-60.72,977.0,921.0,0.108,norte
-32.9667,-60.7167,977.0,921.0,0.108,norte
-32.9667,-60.7133,977.0,921.0,0.108,norte
-32.9667,-60.71,977.0,921.0,0.108,norte
-32.9667,-60.7067,977.0,921.0,0.108,norte
-32.9667,-60.7033,977.0,921.0,0.108,norte
-32.9667,-60.7,977.0,921.0,0.108,norte
-32.9667,-60.6967,977.0,921.0,0.108,norte
-32.9667,-60.6933,977.0,921.0,0.108,norte
-32.9667,-60.69,977.0,921.0,0.108,norte
-32.9667,-60.6867,977.0,921.0,0.108,norte
-32.9667,-60.6833,977.0,920.0,0.108,norte
-32.9667,-60.68,977.0,920.0,0.11,norte
-32.9667,-60.6767,978.0,921.0,0.11,norte
-32.9667,-60.6733,979.0,923.0,0.107,norte
-32.9667,-60.67,979.0,924.0,0.104,norte
-32.9667,-60.6667,967.0,911.0,0.109,macrocentro
-32.9667,-60.6633,1090.0,1018.0,0.124,macrocentro
-32.9667,-60.66,1253.0,1142.0,0.169,macrocentro
-32.9667,-60.6567,1367.0,1286.0,0.112,macrocentro
-32.9667,-60.6533,1435.0,1319.0,0.153,macrocentro
-32.9667,-60.65,1463.0,1485.0,-0.027,macrocentro
-32.9667,-60.6467,1378.0,1416.0,-0.049,macrocentro
-32.9667,-60.6433,1382.0,1393.0,-0.014,macrocentro
-32.9667,-60.64,1391.0,1387.0,0.006,macrocentro
-32.9667,-60.6367,1446.0,1490.0,-0.054,macrocentro
-32.9667,-60.6333,1463.0,1498.0,-0.042,macrocentro
-32.9667,-60.63,1238.0,1338.0,-0.141,macrocentro
-32.9667,-60.6267,1145.0,1248.0,-0.157,macrocentro
-32.9667,-60.6233,1141.0,1250.0,-0.166,norte
-32.9667,-60.62,1141.0,1250.0,-0.166,norte
-32.9667,-60.6167,1141.0,1250.0,-0.166,norte
-32.9667,-60.6133,1141.0,1250.0,-0.166,norte
-32.9667,-60.61,1141.0,1250.0,-0.166,norte
-32.9667,-60.6067,1141.0,1250.0,-0.166,norte
-32.9667,-60.6033,1141.0,1250.0,-0.166,norte
-32.9667,-60.6,1141.0,1250.0,-0.166,norte
-32.9667,-60.5967,1141.0,1250.0,-0.166,norte
-32.9667,-60.5933,1141.0,1250.0,-0.166,norte
-32.9667,-60.59,1141.0,1250.0,-0.166,norte
-32.9633,-60.72,1028.0,960.0,0.125,norte
-32.9633,-60.7167,1028.0,960.0,0.125,norte
-32.9633,-60.7133,1028.0,960.0,0.125,norte
-32.9633,-60.71,1028.0,960.0,0.125,norte
-32.9633,-60.7067,1028.0,960.0,0.125,norte
-32.9633,-60.7033,1028.0,960.0,0.125,norte
-32.9633,-60.7,1028.0,960.0,0.125,norte
-32.9633,-60.6967,1028.0,960.0,0.125,norte
-32.9633,-60.6933,1028.0,960.0,0.125,norte
-32.9633,-60.69,1028.0,954.0,0.136,norte
-32.9633,-60.6867,1028.0,954.0,0.136,norte
-32.9633,-60.6833,1028.0,953.0,0.137,norte
-32.9633,-60.68,1028.0,953.0,0.137,norte
-32.9633,-60.6767,1016.0,942.0,0.138,norte
-32.9633,-60.6733,1016.0,942.0,0.139,norte
-32.9633,-60.67,1006.0,947.0,0.111,norte
-32.9633,-60.6667,996.0,936.0,0.113,macrocentro
-32.9633,-60.6633,1123.0,1042.0,0.136,macrocentro
-32.9633,-60.66,1261.0,1165.0,0.144,macrocentro
-32.9633,-60.6567,1417.0,1328.0,0.117,macrocentro
-32.9633,-60.6533,1501.0,1398.0,0.129,macrocentro
-32.9633,-60.65,1496.0,1643.0,-0.171,macrocentro
-32.9633,-60.6467,1389.0,1450.0,-0.079,macrocentro
-32.9633,-60.6433,1411.0,1401.0,0.013,macrocentro
-32.9633,-60.64,1419.0,1391.0,0.036,macrocentro
-32.9633,-60.6367,1416.0,1474.0,-0.073,macrocentro
-32.9633,-60.6333,1438.0,1490.0,-0.065,macrocentro
-32.9633,-60.63,1396.0,1487.0,-0.115,macrocentro
-32.9633,-60.6267,1349.0,1420.0,-0.094,macrocentro
-32.9633,-60.6233,1345.0,1420.0,-0.098,norte
-32.9633,-60.62,1345.0,1420.0,-0.098,norte
-32.9633,-60.6167,1345.0,1420.0,-0.098,norte
-32.9633,-60.6133,1345.0,1420.0,-0.098,norte
-32.9633,-60.61,1345.0,1420.0,-0.098,norte
-32.9633,-60.6067,1345.0,1420.0,-0.098,norte
-32.9633,-60.6033,1345.0,1420.0,-0.098,norte
-32.9633,-60.6,1345.0,1420.0,-0.098,norte
-32.9633,-60.5967,1345.0,1420.0,-0.098,norte
-32.9633,-60.5933,1345.0,1420.0,-0.098,norte
-32.9633,-60.59,1345.0,1420.0,-0.098,norte
-32.96,-60.72,2024.0,2203.0,-0.155,norte
-32.96,-60.7167,2021.0,2199.0,-0.153,norte
-32.96,-60.7133,2025.0,2198.0,-0.149,norte
-32.96,-60.71,2022.0,2198.0,-0.152,norte
-32.96,-60.7067,2032.0,2201.0,-0.146,norte
-32.96,-60.7033,2033.0,2198.0,-0.142,norte
-32.96,-60.7,2042.0,2198.0,-0.134,norte
-32.96,-60.6967,2168.0,2267.0,-0.081,norte
-32.96,-60.6933,2192.0,2304.0,-0.091,norte
-32.96,-60.69,2087.0,2131.0,-0.038,norte
-32.96,-60.6867,2064.0,2105.0,-0.036,norte
-32.96,-60.6833,2068.0,2103.0,-0.03,norte
-32.96,-60.68,2084.0,2080.0,0.003,norte
-32.96,-60.6767,1576.0,1199.0,0.496,norte
-32.96,-60.6733,1452.0,1053.0,0.583,norte
-32.96,-60.67,1335.0,1157.0,0.26,norte
-32.96,-60.6667,1404.0,1247.0,0.215,centro_premium
-32.96,-60.6633,1764.0,1925.0,-0.159,centro_premium
-32.96,-60.66,1871.0,1957.0,-0.083,centro_premium
-32.96,-60.6567,1836.0,1917.0,-0.079,centro_premium
-32.96,-60.6533,1805.0,1848.0,-0.042,centro_premium
-32.96,-60.65,1716.0,1713.0,0.002,centro_premium
-32.96,-60.6467,1745.0,1631.0,0.123,centro_premium
-32.96,-60.6433,1728.0,1599.0,0.141,centro_premium
-32.96,-60.64,1740.0,1592.0,0.161,centro_premium
-32.96,-60.6367,1833.0,1599.0,0.248,centro_premium
-32.96,-60.6333,1853.0,1573.0,0.297,centro_premium
-32.96,-60.63,1863.0,1635.0,0.238,centro_premium
-32.96,-60.6267,1551.0,1334.0,0.274,centro_premium
-32.96,-60.6233,1636.0,1496.0,0.163,centro_premium
-32.96,-60.62,1636.0,1496.0,0.163,centro_premium
-32.96,-60.6167,1636.0,1496.0,0.163,norte
-32.96,-60.6133,1636.0,1496.0,0.163,norte
-32.96,-60.61,1636.0,1496.0,0.163,norte
-32.96,-60.6067,1636.0,1496.0,0.163,norte
-32.96,-60.6033,1636.0,1496.0,0.163,norte
-32.96,-60.6,1636.0,1496.0,0.163,norte
-32.96,-60.5967,1636.0,1496.0,0.163,norte
-32.96,-60.5933,1636.0,1496.0,0.163,norte
-32.96,-60.59,1636.0,1496.0,0.163,norte
-32.9567,-60.72,1092.0,1334.0,-0.366,norte
-32.9567,-60.7167,1089.0,1330.0,-0.365,norte
-32.9567,-60.7133,1093.0,1329.0,-0.355,norte
-32.9567,-60.71,1090.0,1329.0,-0.362,norte
-32.9567,-60.7067,1104.0,1335.0,-0.347,norte
-32.9567,-60.7033,1094.0,1319.0,-0.34,norte
-32.9567,-60.7,1104.0,1316.0,-0.32,norte
-32.9567,-60.6967,1287.0,1235.0,0.075,norte
-32.9567,-60.6933,1295.0,1265.0,0.043,norte
-32.9567,-60.69,1148.0,1049.0,0.164,norte
-32.9567,-60.6867,1147.0,1045.0,0.169,norte
-32.9567,-60.6833,1152.0,1052.0,0.166,norte
-32.9567,-60.68,1177.0,1035.0,0.234,norte
-32.9567,-60.6767,1567.0,1124.0,0.603,norte
-32.9567,-60.6733,1441.0,1020.0,0.627,norte
-32.9567,-60.67,1352.0,1172.0,0.259,norte
-32.9567,-60.6667,1424.0,1267.0,0.213,centro_premium
-32.9567,-60.6633,1801.0,1970.0,-0.163,centro_premium
-32.9567,-60.66,1931.0,1988.0,-0.053,centro_premium
-32.9567,-60.6567,1887.0,1939.0,-0.049,centro_premium
-32.9567,-60.6533,1856.0,1868.0,-0.012,centro_premium
-32.9567,-60.65,1728.0,1748.0,-0.021,centro_premium
-32.9567,-60.6467,1732.0,1692.0,0.042,centro_premium
-32.9567,-60.6433,1714.0,1678.0,0.039,centro_premium
-32.9567,-60.64,1724.0,1670.0,0.058,centro_premium
-32.9567,-60.6367,1794.0,1655.0,0.146,centro_premium
-32.9567,-60.6333,1816.0,1644.0,0.181,centro_premium
-32.9567,-60.63,1842.0,1754.0,0.089,centro_premium
-32.9567,-60.6267,1666.0,1554.0,0.126,centro_premium
-32.9567,-60.6233,1809.0,1766.0,0.044,centro_premium
-32.9567,-60.62,1809.0,1766.0,0.044,centro_premium
-32.9567,-60.6167,1809.0,1766.0,0.044,norte
-32.9567,-60.6133,1809.0,1766.0,0.044,norte
-32.9567,-60.61,1809.0,1766.0,0.044,norte
-32.9567,-60.6067,1809.0,1766.0,0.044,norte
-32.9567,-60.6033,1809.0,1766.0,0.044,norte
-32.9567,-60.6,1809.0,1766.0,0.044,norte
-32.9567,-60.5967,1809.0,1766.0,0.044,norte
-32.9567,-60.5933,1809.0,1766.0,0.044,norte
-32.9567,-60.59,1809.0,1766.0,0.044,norte
-32.9533,-60.72,979.0,1254.0,-0.45,norte
-32.9533,-60.7167,976.0,1249.0,-0.449,norte
-32.9533,-60.7133,981.0,1249.0,-0.439,norte
-32.9533,-60.71,978.0,1249.0,-0.446,norte
-32.9533,-60.7067,992.0,1255.0,-0.429,norte
-32.9533,-60.7033,984.0,1238.0,-0.419,norte
-32.9533,-60.7,995.0,1237.0,-0.396,norte
-32.9533,-60.6967,1184.0,1136.0,0.075,norte
-32.9533,-60.6933,1200.0,1163.0,0.057,norte
-32.9533,-60.69,1049.0,945.0,0.19,norte
-32.9533,-60.6867,1044.0,937.0,0.198,norte
-32.9533,-60.6833,1046.0,943.0,0.188,norte
-32.9533,-60.68,1098.0,945.0,0.273,norte
-32.9533,-60.6767,1555.0,1118.0,0.598,norte
-32.9533,-60.6733,1431.0,1028.0,0.601,norte
-32.9533,-60.67,1341.0,1176.0,0.238,norte
-32.9533,-60.6667,1414.0,1273.0,0.191,centro_premium
-32.9533,-60.6633,1798.0,1900.0,-0.1,centro_premium
-32.9533,-60.66,2014.0,1928.0,0.079,centro_premium
-32.9533,-60.6567,1964.0,1874.0,0.085,centro_premium
-32.9533,-60.6533,1955.0,1827.0,0.123,centro_premium
-32.9533,-60.65,1933.0,1790.0,0.14,centro_premium
-32.9533,-60.6467,1907.0,1645.0,0.269,centro_premium
-32.9533,-60.6433,1908.0,1592.0,0.329,centro_premium
-32.9533,-60.64,1927.0,1578.0,0.363,centro_premium
-32.9533,-60.6367,1973.0,1568.0,0.417,centro_premium
-32.9533,-60.6333,1969.0,1575.0,0.405,centro_premium
-32.9533,-60.63,1934.0,1710.0,0.223,centro_premium
-32.9533,-60.6267,2042.0,1908.0,0.123,centro_premium
-32.9533,-60.6233,2097.0,2026.0,0.063,centro_premium
-32.9533,-60.62,2097.0,2026.0,0.063,centro_premium
-32.9533,-60.6167,2097.0,2026.0,0.063,norte
-32.9533,-60.6133,2097.0,2026.0,0.063,norte
-32.9533,-60.61,2097.0,2026.0,0.063,norte
-32.9533,-60.6067,2097.0,2026.0,0.063,norte
-32.9533,-60.6033,2097.0,2026.0,0.063,norte
-32.9533,-60.6,2097.0,2026.0,0.063,norte
-32.9533,-60.5967,2097.0,2026.0,0.063,norte
-32.9533,-60.5933,2097.0,2026.0,0.063,norte
-32.9533,-60.59,2097.0,2026.0,0.063,norte
-32.95,-60.72,877.0,1317.0,-0.741,norte
-32.95,-60.7167,874.0,1308.0,-0.735,norte
-32.95,-60.7133,878.0,1307.0,-0.725,norte
-32.95,-60.71,875.0,1307.0,-0.732,norte
-32.95,-60.7067,894.0,1320.0,-0.71,norte
-32.95,-60.7033,893.0,1307.0,-0.696,norte
-32.95,-60.7,912.0,1311.0,-0.662,norte
-32.95,-60.6967,1153.0,1273.0,-0.18,norte
-32.95,-60.6933,1189.0,1325.0,-0.198,norte
-32.95,-60.69,1057.0,1129.0,-0.12,norte
-32.95,-60.6867,1056.0,1120.0,-0.107,norte
-32.95,-60.6833,1079.0,1153.0,-0.12,norte
-32.95,-60.68,1134.0,1175.0,-0.065,norte
-32.95,-60.6767,1492.0,1283.0,0.275,norte
-32.95,-60.6733,1386.0,1185.0,0.285,norte
-32.95,-60.67,1400.0,1295.0,0.141,norte
-32.95,-60.6667,1456.0,1364.0,0.119,centro_premium
-32.95,-60.6633,1751.0,1920.0,-0.168,centro_premium
-32.95,-60.66,1975.0,1956.0,0.018,centro_premium
-32.95,-60.6567,1942.0,1955.0,-0.011,centro_premium
-32.95,-60.6533,1940.0,1918.0,0.02,centro_premium
-32.95,-60.65,1901.0,1848.0,0.051,centro_premium
-32.95,-60.6467,1788.0,1624.0,0.175,centro_premium
-32.95,-60.6433,1795.0,1550.0,0.266,centro_premium
-32.95,-60.64,1795.0,1519.0,0.303,centro_premium
-32.95,-60.6367,1891.0,1508.0,0.411,centro_premium
-32.95,-60.6333,1914.0,1523.0,0.415,centro_premium
-32.95,-60.63,1931.0,1740.0,0.19,centro_premium
-32.95,-60.6267,2032.0,1912.0,0.11,centro_premium
-32.95,-60.6233,2083.0,2013.0,0.062,centro_premium
-32.95,-60.62,2083.0,2013.0,0.062,centro_premium
-32.95,-60.6167,2083.0,2013.0,0.062,norte
-32.95,-60.6133,2083.0,2013.0,0.062,norte
-32.95,-60.61,2083.0,2013.0,0.062,norte
-32.95,-60.6067,2083.0,2013.0,0.062,norte
-32.95,-60.6033,2083.0,2013.0,0.062,norte
-32.95,-60.6,2083.0,2013.0,0.062,norte
-32.95,-60.5967,2083.0,2013.0,0.062,norte
-32.95,-60.5933,2083.0,2013.0,0.062,norte
-32.95,-60.59,2083.0,2013.0,0.062,norte
-32.9467,-60.72,888.0,1331.0,-0.739,norte
-32.9467,-60.7167,884.0,1321.0,-0.732,norte
-32.9467,-60.7133,887.0,1320.0,-0.725,norte
-32.9467,-60.71,884.0,1321.0,-0.734,norte
-32.9467,-60.7067,895.0,1326.0,-0.717,norte
-32.9467,-60.7033,884.0,1304.0,-0.709,norte
-32.9467,-60.7,903.0,1307.0,-0.674,norte
-32.9467,-60.6967,1171.0,1325.0,-0.225,norte
-32.9467,-60.6933,1203.0,1375.0,-0.242,norte
-32.9467,-60.69,1075.0,1178.0,-0.166,norte
-32.9467,-60.6867,1075.0,1169.0,-0.153,norte
-32.9467,-60.6833,1099.0,1207.0,-0.17,norte
-32.9467,-60.68,1162.0,1233.0,-0.108,norte
-32.9467,-60.6767,1510.0,1261.0,0.327,norte
-32.9467,-60.6733,1409.0,1154.0,0.362,norte
-32.9467,-60.67,1443.0,1265.0,0.239,norte
-32.9467,-60.6667,1493.0,1326.0,0.216,centro_premium
-32.9467,-60.6633,2127.0,1816.0,0.287,centro_premium
-32.9467,-60.66,2550.0,1871.0,0.562,centro_premium
-32.9467,-60.6567,2473.0,1877.0,0.5,centro_premium
-32.9467,-60.6533,2470.0,1825.0,0.548,centro_premium
-32.9467,-60.65,2129.0,1784.0,0.321,centro_premium
-32.9467,-60.6467,1707.0,1582.0,0.138,centro_premium
-32.9467,-60.6433,1719.0,1542.0,0.198,centro_premium
-32.9467,-60.64,1678.0,1492.0,0.213,centro_premium
-32.9467,-60.6367,1791.0,1411.0,0.433,centro_premium
-32.9467,-60.6333,1824.0,1569.0,0.274,centro_premium
-32.9467,-60.63,1883.0,2014.0,-0.122,centro_premium
-32.9467,-60.6267,1905.0,2029.0,-0.115,centro_premium
-32.9467,-60.6233,1918.0,2049.0,-0.12,centro_premium
-32.9467,-60.62,1918.0,2049.0,-0.12,centro_premium
-32.9467,-60.6167,1918.0,2049.0,-0.12,norte
-32.9467,-60.6133,1918.0,2049.0,-0.12,norte
-32.9467,-60.61,1918.0,2049.0,-0.12,norte
-32.9467,-60.6067,1918.0,2049.0,-0.12,norte
-32.9467,-60.6033,1918.0,2049.0,-0.12,norte
-32.9467,-60.6,1918.0,2049.0,-0.12,norte
-32.9467,-60.5967,1918.0,2049.0,-0.12,norte
-32.9467,-60.5933,1918.0,2049.0,-0.12,norte
-32.9467,-60.59,1918.0,2049.0,-0.12,norte
-32.9433,-60.72,902.0,1399.0,-0.8,norte
-32.9433,-60.7167,899.0,1387.0,-0.792,norte
-32.9433,-60.7133,902.0,1387.0,-0.785,norte
-32.9433,-60.71,904.0,1389.0,-0.783,norte
-32.9433,-60.7067,911.0,1387.0,-0.768,norte
-32.9433,-60.7033,905.0,1374.0,-0.763,norte
-32.9433,-60.7,916.0,1369.0,-0.733,norte
-32.9433,-60.6967,1217.0,1419.0,-0.279,norte
-32.9433,-60.6933,1254.0,1474.0,-0.295,norte
-32.9433,-60.69,1119.0,1281.0,-0.245,norte
-32.9433,-60.6867,1119.0,1274.0,-0.236,norte
-32.9433,-60.6833,1149.0,1323.0,-0.257,norte
-32.9433,-60.68,1258.0,1402.0,-0.197,norte
-32.9433,-60.6767,1484.0,1256.0,0.303,norte
-32.9433,-60.6733,1404.0,1160.0,0.346,norte
-32.9433,-60.67,1459.0,1274.0,0.246,norte
-32.9433,-60.6667,1496.0,1315.0,0.234,centro_premium
-32.9433,-60.6633,2075.0,1803.0,0.255,centro_premium
-32.9433,-60.66,2393.0,1797.0,0.52,centro_premium
-32.9433,-60.6567,2300.0,1800.0,0.445,centro_premium
-32.9433,-60.6533,2294.0,1740.0,0.502,centro_premium
-32.9433,-60.65,2033.0,1726.0,0.297,centro_premium
-32.9433,-60.6467,1679.0,1585.0,0.104,centro_premium
-32.9433,-60.6433,1692.0,1637.0,0.06,centro_premium
-32.9433,-60.64,1635.0,1592.0,0.048,centro_premium
-32.9433,-60.6367,1764.0,1496.0,0.3,centro_premium
-32.9433,-60.6333,1804.0,1811.0,-0.007,centro_premium
-32.9433,-60.63,1846.0,2085.0,-0.222,centro_premium
-32.9433,-60.6267,1873.0,2083.0,-0.193,centro_premium
-32.9433,-60.6233,1886.0,2103.0,-0.198,centro_premium
-32.9433,-60.62,1886.0,2103.0,-0.198,centro_premium
-32.9433,-60.6167,1886.0,2103.0,-0.198,norte
-32.9433,-60.6133,1886.0,2103.0,-0.198,norte
-32.9433,-60.61,1886.0,2103.0,-0.198,norte
-32.9433,-60.6067,1886.0,2103.0,-0.198,norte
-32.9433,-60.6033,1886.0,2103.0,-0.198,norte
-32.9433,-60.6,1886.0,2103.0,-0.198,norte
-32.9433,-60.5967,1886.0,2103.0,-0.198,norte
-32.9433,-60.5933,1886.0,2103.0,-0.198,norte
-32.9433,-60.59,1886.0,2103.0,-0.198,norte
-32.94,-60.72,896.0,1359.0,-0.759,norte
-32.94,-60.7167,893.0,1347.0,-0.75,norte
-32.94,-60.7133,896.0,1347.0,-0.744,norte
-32.94,-60.71,898.0,1349.0,-0.742,norte
-32.94,-60.7067,905.0,1347.0,-0.726,norte
-32.94,-60.7033,899.0,1335.0,-0.722,norte
-32.94,-60.7,908.0,1329.0,-0.695,norte
-32.94,-60.6967,1208.0,1351.0,-0.203,norte
-32.94,-60.6933,1240.0,1388.0,-0.206,norte
-32.94,-60.69,1099.0,1203.0,-0.165,norte
-32.94,-60.6867,1101.0,1199.0,-0.156,norte
-32.94,-60.6833,1125.0,1252.0,-0.194,norte
-32.94,-60.68,1203.0,1301.0,-0.143,norte
-32.94,-60.6767,1457.0,1234.0,0.301,norte
-32.94,-60.6733,1384.0,1147.0,0.34,norte
-32.94,-60.67,1410.0,1253.0,0.213,norte
-32.94,-60.6667,1466.0,1320.0,0.191,centro_premium
-32.94,-60.6633,1963.0,1681.0,0.281,centro_premium
-32.94,-60.66,1892.0,1649.0,0.25,centro_premium
-32.94,-60.6567,1966.0,1847.0,0.113,centro_premium
-32.94,-60.6533,2090.0,1984.0,0.095,centro_premium
-32.94,-60.65,2070.0,1962.0,0.097,centro_premium
-32.94,-60.6467,2142.0,1997.0,0.128,centro_premium
-32.94,-60.6433,2046.0,1993.0,0.048,centro_premium
-32.94,-60.64,1840.0,1824.0,0.016,centro_premium
-32.94,-60.6367,2134.0,2410.0,-0.222,centro_premium
-32.94,-60.6333,2147.0,2402.0,-0.204,centro_premium
-32.94,-60.63,2147.0,2420.0,-0.218,centro_premium
-32.94,-60.6267,2149.0,2413.0,-0.211,centro_premium
-32.94,-60.6233,2149.0,2419.0,-0.215,centro_premium
-32.94,-60.62,2149.0,2419.0,-0.215,centro_premium
-32.94,-60.6167,2149.0,2419.0,-0.215,norte
-32.94,-60.6133,2149.0,2419.0,-0.215,norte
-32.94,-60.61,2149.0,2419.0,-0.215,norte
-32.94,-60.6067,2149.0,2419.0,-0.215,norte
-32.94,-60.6033,2149.0,2419.0,-0.215,norte
-32.94,-60.6,2149.0,2419.0,-0.215,norte
-32.94,-60.5967,2149.0,2419.0,-0.215,norte
-32.94,-60.5933,2149.0,2419.0,-0.215,norte
-32.94,-60.59,2149.0,2419.0,-0.215,norte
-32.9367,-60.72,926.0,1341.0,-0.676,norte
-32.9367,-60.7167,922.0,1329.0,-0.667,norte
-32.9367,-60.7133,925.0,1329.0,-0.66,norte
-32.9367,-60.71,929.0,1331.0,-0.655,norte
-32.9367,-60.7067,936.0,1329.0,-0.64,norte
-32.9367,-60.7033,930.0,1317.0,-0.635,norte
-32.9367,-60.7,939.0,1311.0,-0.609,norte
-32.9367,-60.6967,1231.0,1319.0,-0.125,norte
-32.9367,-60.6933,1263.0,1359.0,-0.133,norte
-32.9367,-60.69,1158.0,1204.0,-0.071,norte
-32.9367,-60.6867,1161.0,1200.0,-0.061,norte
-32.9367,-60.6833,1179.0,1244.0,-0.097,norte
-32.9367,-60.68,1239.0,1282.0,-0.062,norte
-32.9367,-60.6767,1404.0,1253.0,0.208,norte
-32.9367,-60.6733,1311.0,1155.0,0.23,norte
-32.9367,-60.67,1295.0,1235.0,0.086,norte
-32.9367,-60.6667,1384.0,1327.0,0.077,centro_premium
-32.9367,-60.6633,1818.0,1592.0,0.241,centro_premium
-32.9367,-60.66,1717.0,1570.0,0.163,centro_premium
-32.9367,-60.6567,1821.0,1736.0,0.086,centro_premium
-32.9367,-60.6533,2024.0,1913.0,0.103,centro_premium
-32.9367,-60.65,2047.0,1943.0,0.094,centro_premium
-32.9367,-60.6467,2100.0,1984.0,0.103,centro_premium
-32.9367,-60.6433,2030.0,1979.0,0.046,centro_premium
-32.9367,-60.64,1808.0,1787.0,0.021,centro_premium
-32.9367,-60.6367,2074.0,2333.0,-0.214,centro_premium
-32.9367,-60.6333,2087.0,2327.0,-0.198,centro_premium
-32.9367,-60.63,2087.0,2328.0,-0.199,centro_premium
-32.9367,-60.6267,2087.0,2332.0,-0.202,centro_premium
-32.9367,-60.6233,2087.0,2332.0,-0.202,centro_premium
-32.9367,-60.62,2087.0,2332.0,-0.202,centro_premium
-32.9367,-60.6167,2087.0,2332.0,-0.202,norte
-32.9367,-60.6133,2087.0,2332.0,-0.202,norte
-32.9367,-60.61,2087.0,2332.0,-0.202,norte
-32.9367,-60.6067,2087.0,2332.0,-0.202,norte
-32.9367,-60.6033,2087.0,2332.0,-0.202,norte
-32.9367,-60.6,2087.0,2332.0,-0.202,norte
-32.9367,-60.5967,2087.0,2332.0,-0.202,norte
-32.9367,-60.5933,2087.0,2332.0,-0.202,norte
-32.9367,-60.59,2087.0,2332.0,-0.202,norte
-32.9333,-60.72,939.0,1343.0,-0.652,norte
-32.9333,-60.7167,936.0,1333.0,-0.645,norte
-32.9333,-60.7133,940.0,1328.0,-0.63,norte
-32.9333,-60.71,936.0,1310.0,-0.613,norte
-32.9333,-60.7067,943.0,1308.0,-0.596,norte
-32.9333,-60.7033,937.0,1295.0,-0.591,norte
-32.9333,-60.7,947.0,1290.0,-0.564,norte
-32.9333,-60.6967,1244.0,1299.0,-0.079,norte
-32.9333,-60.6933,1269.0,1308.0,-0.054,norte
-32.9333,-60.69,1167.0,1180.0,-0.019,norte
-32.9333,-60.6867,1172.0,1182.0,-0.015,norte
-32.9333,-60.6833,1191.0,1226.0,-0.052,norte
-32.9333,-60.68,1257.0,1259.0,-0.002,norte
-32.9333,-60.6767,1437.0,1305.0,0.176,norte
-32.9333,-60.6733,1432.0,1331.0,0.133,norte
-32.9333,-60.67,1521.0,1402.0,0.148,norte
-32.9333,-60.6667,1783.0,1660.0,0.13,centro_premium
-32.9333,-60.6633,1829.0,1688.0,0.146,centro_premium
-32.9333,-60.66,1950.0,1838.0,0.108,centro_premium
-32.9333,-60.6567,1981.0,1931.0,0.046,centro_premium
-32.9333,-60.6533,2103.0,1974.0,0.115,centro_premium
-32.9333,-60.65,2167.0,2002.0,0.143,centro_premium
-32.9333,-60.6467,2258.0,2102.0,0.13,centro_premium
-32.9333,-60.6433,2178.0,2072.0,0.091,centro_premium
-32.9333,-60.64,1955.0,1881.0,0.071,centro_premium
-32.9333,-60.6367,2194.0,2390.0,-0.156,centro_premium
-32.9333,-60.6333,2207.0,2381.0,-0.138,centro_premium
-32.9333,-60.63,2207.0,2382.0,-0.139,centro_premium
-32.9333,-60.6267,2207.0,2386.0,-0.142,centro_premium
-32.9333,-60.6233,2207.0,2386.0,-0.142,centro_premium
-32.9333,-60.62,2207.0,2386.0,-0.142,centro_premium
-32.9333,-60.6167,2207.0,2386.0,-0.142,norte
-32.9333,-60.6133,2207.0,2386.0,-0.142,norte
-32.9333,-60.61,2207.0,2386.0,-0.142,norte
-32.9333,-60.6067,2207.0,2386.0,-0.142,norte
-32.9333,-60.6033,2207.0,2386.0,-0.142,norte
-32.9333,-60.6,2207.0,2386.0,-0.142,norte
-32.9333,-60.5967,2207.0,2386.0,-0.142,norte
-32.9333,-60.5933,2207.0,2386.0,-0.142,norte
-32.9333,-60.59,2207.0,2386.0,-0.142,norte
-32.93,-60.72,948.0,1343.0,-0.636,norte
-32.93,-60.7167,944.0,1333.0,-0.629,norte
-32.93,-60.7133,950.0,1328.0,-0.612,norte
-32.93,-60.71,943.0,1308.0,-0.597,norte
-32.93,-60.7067,950.0,1305.0,-0.58,norte
-32.93,-60.7033,944.0,1293.0,-0.574,norte
-32.93,-60.7,953.0,1287.0,-0.548,norte
-32.93,-60.6967,1251.0,1295.0,-0.063,norte
-32.93,-60.6933,1276.0,1303.0,-0.038,norte
-32.93,-60.69,1172.0,1175.0,-0.005,norte
-32.93,-60.6867,1177.0,1178.0,-0.001,norte
-32.93,-60.6833,1196.0,1221.0,-0.038,norte
-32.93,-60.68,1256.0,1246.0,0.014,norte
-32.93,-60.6767,1527.0,1354.0,0.217,norte
-32.93,-60.6733,1553.0,1428.0,0.153,norte
-32.93,-60.67,1631.0,1485.0,0.171,norte
-32.93,-60.6667,1897.0,1763.0,0.133,centro_premium
-32.93,-60.6633,2361.0,2666.0,-0.221,centro_premium
-32.93,-60.66,2464.0,2804.0,-0.236,centro_premium
-32.93,-60.6567,2449.0,2774.0,-0.227,centro_premium
-32.93,-60.6533,2526.0,2825.0,-0.204,centro_premium
-32.93,-60.65,2681.0,2952.0,-0.175,centro_premium
-32.93,-60.6467,2744.0,2986.0,-0.154,centro_premium
-32.93,-60.6433,2744.0,2986.0,-0.154,centro_premium
-32.93,-60.64,2744.0,2986.0,-0.154,centro_premium
-32.93,-60.6367,2744.0,2986.0,-0.154,centro_premium
-32.93,-60.6333,2744.0,2986.0,-0.154,centro_premium
-32.93,-60.63,2744.0,2986.0,-0.154,centro_premium
-32.93,-60.6267,2744.0,2986.0,-0.154,centro_premium
-32.93,-60.6233,2744.0,2986.0,-0.154,centro_premium
-32.93,-60.62,2744.0,2986.0,-0.154,centro_premium
-32.93,-60.6167,2744.0,2986.0,-0.154,norte
-32.93,-60.6133,2744.0,2986.0,-0.154,norte
-32.93,-60.61,2744.0,2986.0,-0.154,norte
-32.93,-60.6067,2744.0,2986.0,-0.154,norte
-32.93,-60.6033,2744.0,2986.0,-0.154,norte
-32.93,-60.6,2744.0,2986.0,-0.154,norte
-32.93,-60.5967,2744.0,2986.0,-0.154,norte
-32.93,-60.5933,2744.0,2986.0,-0.154,norte
-32.93,-60.59,2744.0,2986.0,-0.154,norte
-32.9267,-60.72,987.0,1341.0,-0.558,norte
-32.9267,-60.7167,983.0,1331.0,-0.552,norte
-32.9267,-60.7133,987.0,1327.0,-0.54,norte
-32.9267,-60.71,980.0,1305.0,-0.521,norte
-32.9267,-60.7067,988.0,1303.0,-0.505,norte
-32.9267,-60.7033,983.0,1290.0,-0.496,norte
-32.9267,-60.7,985.0,1288.0,-0.489,norte
-32.9267,-60.6967,1298.0,1296.0,0.002,norte
-32.9267,-60.6933,1321.0,1304.0,0.023,norte
-32.9267,-60.69,1218.0,1176.0,0.064,norte
-32.9267,-60.6867,1223.0,1178.0,0.069,norte
-32.9267,-60.6833,1243.0,1222.0,0.03,norte
-32.9267,-60.68,1289.0,1247.0,0.061,norte
-32.9267,-60.6767,1560.0,1408.0,0.186,norte
-32.9267,-60.6733,1602.0,1504.0,0.115,norte
-32.9267,-60.67,1622.0,1517.0,0.121,norte
-32.9267,-60.6667,1849.0,1771.0,0.079,centro_premium
-32.9267,-60.6633,2774.0,3049.0,-0.172,centro_premium
-32.9267,-60.66,2947.0,3235.0,-0.17,centro_premium
-32.9267,-60.6567,2927.0,3212.0,-0.169,centro_premium
-32.9267,-60.6533,2967.0,3239.0,-0.16,centro_premium
-32.9267,-60.65,3019.0,3256.0,-0.137,centro_premium
-32.9267,-60.6467,3049.0,3261.0,-0.122,centro_premium
-32.9267,-60.6433,3049.0,3261.0,-0.122,centro_premium
-32.9267,-60.64,3049.0,3261.0,-0.122,centro_premium
-32.9267,-60.6367,3049.0,3261.0,-0.122,centro_premium
-32.9267,-60.6333,3049.0,3261.0,-0.122,centro_premium
-32.9267,-60.63,3049.0,3261.0,-0.122,centro_premium
-32.9267,-60.6267,3049.0,3261.0,-0.122,centro_premium
-32.9267,-60.6233,3049.0,3261.0,-0.122,centro_premium
-32.9267,-60.62,3049.0,3261.0,-0.122,centro_premium
-32.9267,-60.6167,3049.0,3261.0,-0.122,norte
-32.9267,-60.6133,3049.0,3261.0,-0.122,norte
-32.9267,-60.61,3049.0,3261.0,-0.122,norte
-32.9267,-60.6067,3049.0,3261.0,-0.122,norte
-32.9267,-60.6033,3049.0,3261.0,-0.122,norte
-32.9267,-60.6,3049.0,3261.0,-0.122,norte
-32.9267,-60.5967,3049.0,3261.0,-0.122,norte
-32.9267,-60.5933,3049.0,3261.0,-0.122,norte
-32.9267,-60.59,3049.0,3261.0,-0.122,norte
-32.9233,-60.72,974.0,1359.0,-0.607,oeste
-32.9233,-60.7167,970.0,1340.0,-0.588,oeste
-32.9233,-60.7133,974.0,1336.0,-0.576,oeste
-32.9233,-60.71,977.0,1319.0,-0.547,oeste
-32.9233,-60.7067,985.0,1315.0,-0.527,oeste
-32.9233,-60.7033,979.0,1302.0,-0.521,oeste
-32.9233,-60.7,981.0,1300.0,-0.514,oeste
-32.9233,-60.6967,1317.0,1313.0,0.006,oeste
-32.9233,-60.6933,1335.0,1310.0,0.034,oeste
-32.9233,-60.69,1227.0,1179.0,0.071,oeste
-32.9233,-60.6867,1229.0,1179.0,0.076,oeste
-32.9233,-60.6833,1249.0,1224.0,0.037,oeste
-32.9233,-60.68,1296.0,1249.0,0.067,oeste
-32.9233,-60.6767,1422.0,1269.0,0.208,oeste
-32.9233,-60.6733,1453.0,1348.0,0.136,oeste
-32.9233,-60.67,1442.0,1357.0,0.11,oeste
-32.9233,-60.6667,1650.0,1594.0,0.063,resto
-32.9233,-60.6633,2718.0,3009.0,-0.185,resto
-32.9233,-60.66,2892.0,3185.0,-0.176,resto
-32.9233,-60.6567,2866.0,3159.0,-0.177,resto
-32.9233,-60.6533,2905.0,3185.0,-0.167,resto
-32.9233,-60.65,2977.0,3208.0,-0.136,resto
-32.9233,-60.6467,3010.0,3220.0,-0.123,resto
-32.9233,-60.6433,3010.0,3220.0,-0.123,resto
-32.9233,-60.64,3010.0,3220.0,-0.123,resto
-32.9233,-60.6367,3010.0,3220.0,-0.123,resto
-32.9233,-60.6333,3010.0,3220.0,-0.123,resto
-32.9233,-60.63,3010.0,3220.0,-0.123,resto
-32.9233,-60.6267,3010.0,3220.0,-0.123,resto
-32.9233,-60.6233,3010.0,3220.0,-0.123,resto
-32.9233,-60.62,3010.0,3220.0,-0.123,resto
-32.9233,-60.6167,3010.0,3220.0,-0.123,resto
-32.9233,-60.6133,3010.0,3220.0,-0.123,resto
-32.9233,-60.61,3010.0,3220.0,-0.123,resto
-32.9233,-60.6067,3010.0,3220.0,-0.123,resto
-32.9233,-60.6033,3010.0,3220.0,-0.123,resto
-32.9233,-60.6,3010.0,3220.0,-0.123,resto
-32.9233,-60.5967,3010.0,3220.0,-0.123,resto
-32.9233,-60.5933,3010.0,3220.0,-0.123,resto
-32.9233,-60.59,3010.0,3220.0,-0.123,resto
-32.92,-60.72,1017.0,1365.0,-0.536,oeste
-32.92,-60.7167,1014.0,1346.0,-0.517,oeste
-32.92,-60.7133,1013.0,1342.0,-0.513,oeste
-32.92,-60.71,1016.0,1325.0,-0.484,oeste
-32.92,-60.7067,1024.0,1321.0,-0.465,oeste
-32.92,-60.7033,1017.0,1309.0,-0.459,oeste
-32.92,-60.7,1020.0,1307.0,-0.452,oeste
-32.92,-60.6967,1354.0,1318.0,0.049,oeste
-32.92,-60.6933,1374.0,1316.0,0.078,oeste
-32.92,-60.69,1263.0,1187.0,0.112,oeste
-32.92,-60.6867,1266.0,1187.0,0.116,oeste
-32.92,-60.6833,1287.0,1234.0,0.077,oeste
-32.92,-60.68,1331.0,1249.0,0.116,oeste
-32.92,-60.6767,1496.0,1275.0,0.29,oeste
-32.92,-60.6733,1546.0,1381.0,0.205,oeste
-32.92,-60.67,1527.0,1393.0,0.167,oeste
-32.92,-60.6667,1719.0,1624.0,0.103,resto
-32.92,-60.6633,2718.0,3009.0,-0.185,resto
-32.92,-60.66,2892.0,3185.0,-0.176,resto
-32.92,-60.6567,2866.0,3159.0,-0.177,resto
-32.92,-60.6533,2905.0,3185.0,-0.167,resto
-32.92,-60.65,2977.0,3208.0,-0.136,resto
-32.92,-60.6467,3010.0,3220.0,-0.123,resto
-32.92,-60.6433,3010.0,3220.0,-0.123,resto
-32.92,-60.64,3010.0,3220.0,-0.123,resto
-32.92,-60.6367,3010.0,3220.0,-0.123,resto
-32.92,-60.6333,3010.0,3220.0,-0.123,resto
-32.92,-60.63,3010.0,3220.0,-0.123,resto
-32.92,-60.6267,3010.0,3220.0,-0.123,resto
-32.92,-60.6233,3010.0,3220.0,-0.123,resto
-32.92,-60.62,3010.0,3220.0,-0.123,resto
-32.92,-60.6167,3010.0,3220.0,-0.123,resto
-32.92,-60.6133,3010.0,3220.0,-0.123,resto
-32.92,-60.61,3010.0,3220.0,-0.123,resto
-32.92,-60.6067,3010.0,3220.0,-0.123,resto
-32.92,-60.6033,3010.0,3220.0,-0.123,resto
-32.92,-60.6,3010.0,3220.0,-0.123,resto
-32.92,-60.5967,3010.0,3220.0,-0.123,resto
-32.92,-60.5933,3010.0,3220.0,-0.123,resto
-32.92,-60.59,3010.0,3220.0,-0.123,resto
-32.9167,-60.72,1024.0,1362.0,-0.519,resto
-32.9167,-60.7167,1020.0,1343.0,-0.5,resto
-32.9167,-60.7133,1020.0,1339.0,-0.496,resto
-32.9167,-60.71,1023.0,1329.0,-0.477,resto
-32.9167,-60.7067,1031.0,1325.0,-0.458,resto
-32.9167,-60.7033,1024.0,1312.0,-0.451,resto
-32.9167,-60.7,1027.0,1310.0,-0.445,resto
-32.9167,-60.6967,1384.0,1339.0,0.06,resto
-32.9167,-60.6933,1399.0,1333.0,0.089,resto
-32.9167,-60.69,1286.0,1202.0,0.122,resto
-32.9167,-60.6867,1289.0,1202.0,0.126,resto
-32.9167,-60.6833,1325.0,1262.0,0.088,resto
-32.9167,-60.68,1349.0,1262.0,0.12,resto
-32.9167,-60.6767,1489.0,1285.0,0.268,resto
-32.9167,-60.6733,1568.0,1422.0,0.179,resto
-32.9167,-60.67,1543.0,1421.0,0.148,resto
-32.9167,-60.6667,1732.0,1654.0,0.083,resto
-32.9167,-60.6633,2718.0,3009.0,-0.185,resto
-32.9167,-60.66,2892.0,3185.0,-0.176,resto
-32.9167,-60.6567,2866.0,3159.0,-0.177,resto
-32.9167,-60.6533,2905.0,3185.0,-0.167,resto
-32.9167,-60.65,2977.0,3208.0,-0.136,resto
-32.9167,-60.6467,3010.0,3220.0,-0.123,resto
-32.9167,-60.6433,3010.0,3220.0,-0.123,resto
-32.9167,-60.64,3010.0,3220.0,-0.123,resto
-32.9167,-60.6367,3010.0,3220.0,-0.123,resto
-32.9167,-60.6333,3010.0,3220.0,-0.123,resto
-32.9167,-60.63,3010.0,3220.0,-0.123,resto
-32.9167,-60.6267,3010.0,3220.0,-0.123,resto
-32.9167,-60.6233,3010.0,3220.0,-0.123,resto
-32.9167,-60.62,3010.0,3220.0,-0.123,resto
-32.9167,-60.6167,3010.0,3220.0,-0.123,resto
-32.9167,-60.6133,3010.0,3220.0,-0.123,resto
-32.9167,-60.61,3010.0,3220.0,-0.123,resto
-32.9167,-60.6067,3010.0,3220.0,-0.123,resto
-32.9167,-60.6033,3010.0,3220.0,-0.123,resto
-32.9167,-60.6,3010.0,3220.0,-0.123,resto
-32.9167,-60.5967,3010.0,3220.0,-0.123,resto
-32.9167,-60.5933,3010.0,3220.0,-0.123,resto
-32.9167,-60.59,3010.0,3220.0,-0.123,resto
-32.9133,-60.72,1073.0,1319.0,-0.377,resto
-32.9133,-60.7167,1066.0,1303.0,-0.366,resto
-32.9133,-60.7133,1066.0,1299.0,-0.359,resto
-32.9133,-60.71,1078.0,1296.0,-0.336,resto
-32.9133,-60.7067,1079.0,1294.0,-0.33,resto
-32.9133,-60.7033,1069.0,1285.0,-0.336,resto
-32.9133,-60.7,1071.0,1283.0,-0.329,resto
-32.9133,-60.6967,1469.0,1358.0,0.143,resto
-32.9133,-60.6933,1480.0,1349.0,0.169,resto
-32.9133,-60.69,1359.0,1237.0,0.171,resto
-32.9133,-60.6867,1350.0,1237.0,0.16,resto
-32.9133,-60.6833,1393.0,1306.0,0.116,resto
-32.9133,-60.68,1395.0,1291.0,0.14,resto
-32.9133,-60.6767,1669.0,1438.0,0.271,resto
-32.9133,-60.6733,1714.0,1532.0,0.204,resto
-32.9133,-60.67,1673.0,1507.0,0.19,resto
-32.9133,-60.6667,1838.0,1689.0,0.153,resto
-32.9133,-60.6633,2718.0,3009.0,-0.185,resto
-32.9133,-60.66,2892.0,3185.0,-0.176,resto
-32.9133,-60.6567,2866.0,3159.0,-0.177,resto
-32.9133,-60.6533,2905.0,3185.0,-0.167,resto
-32.9133,-60.65,2977.0,3208.0,-0.136,resto
-32.9133,-60.6467,3010.0,3220.0,-0.123,resto
-32.9133,-60.6433,3010.0,3220.0,-0.123,resto
-32.9133,-60.64,3010.0,3220.0,-0.123,resto
-32.9133,-60.6367,3010.0,3220.0,-0.123,resto
-32.9133,-60.6333,3010.0,3220.0,-0.123,resto
-32.9133,-60.63,3010.0,3220.0,-0.123,resto
-32.9133,-60.6267,3010.0,3220.0,-0.123,resto
-32.9133,-60.6233,3010.0,3220.0,-0.123,resto
-32.9133,-60.62,3010.0,3220.0,-0.123,resto
-32.9133,-60.6167,3010.0,3220.0,-0.123,resto
-32.9133,-60.6133,3010.0,3220.0,-0.123,resto
-32.9133,-60.61,3010.0,3220.0,-0.123,resto
-32.9133,-60.6067,3010.0,3220.0,-0.123,resto
-32.9133,-60.6033,3010.0,3220.0,-0.123,resto
-32.9133,-60.6,3010.0,3220.0,-0.123,resto
-32.9133,-60.5967,3010.0,3220.0,-0.123,resto
-32.9133,-60.5933,3010.0,3220.0,-0.123,resto
-32.9133,-60.59,3010.0,3220.0,-0.123,resto
-32.91,-60.72,1053.0,1312.0,-0.4,resto
-32.91,-60.7167,1051.0,1299.0,-0.387,resto
-32.91,-60.7133,1050.0,1295.0,-0.381,resto
-32.91,-60.71,1064.0,1293.0,-0.354,resto
-32.91,-60.7067,1067.0,1293.0,-0.35,resto
-32.91,-60.7033,1059.0,1284.0,-0.351,resto
-32.91,-60.7,1062.0,1282.0,-0.344,resto
-32.91,-60.6967,1489.0,1354.0,0.172,resto
-32.91,-60.6933,1503.0,1351.0,0.194,resto
-32.91,-60.69,1387.0,1251.0,0.188,resto
-32.91,-60.6867,1377.0,1249.0,0.177,resto
-32.91,-60.6833,1417.0,1326.0,0.12,resto
-32.91,-60.68,1413.0,1309.0,0.139,resto
-32.91,-60.6767,1884.0,1649.0,0.242,resto
-32.91,-60.6733,1791.0,1538.0,0.276,resto
-32.91,-60.67,1781.0,1527.0,0.279,resto
-32.91,-60.6667,1790.0,1555.0,0.255,resto
-32.91,-60.6633,2718.0,3009.0,-0.185,resto
-32.91,-60.66,2892.0,3185.0,-0.176,resto
-32.91,-60.6567,2866.0,3159.0,-0.177,resto
-32.91,-60.6533,2905.0,3185.0,-0.167,resto
-32.91,-60.65,2977.0,3208.0,-0.136,resto
-32.91,-60.6467,3010.0,3220.0,-0.123,resto
-32.91,-60.6433,3010.0,3220.0,-0.123,resto
-32.91,-60.64,3010.0,3220.0,-0.123,resto
-32.91,-60.6367,3010.0,3220.0,-0.123,resto
-32.91,-60.6333,3010.0,3220.0,-0.123,resto
-32.91,-60.63,3010.0,3220.0,-0.123,resto
-32.91,-60.6267,3010.0,3220.0,-0.123,resto
-32.91,-60.6233,3010.0,3220.0,-0.123,resto
-32.91,-60.62,3010.0,3220.0,-0.123,resto
-32.91,-60.6167,3010.0,3220.0,-0.123,resto
-32.91,-60.6133,3010.0,3220.0,-0.123,resto
-32.91,-60.61,3010.0,3220.0,-0.123,resto
-32.91,-60.6067,3010.0,3220.0,-0.123,resto
-32.91,-60.6033,3010.0,3220.0,-0.123,resto
-32.91,-60.6,3010.0,3220.0,-0.123,resto
-32.91,-60.5967,3010.0,3220.0,-0.123,resto
-32.91,-60.5933,3010.0,3220.0,-0.123,resto
-32.91,-60.59,3010.0,3220.0,-0.123,resto
-32.9067,-60.72,1033.0,1257.0,-0.358,resto
-32.9067,-60.7167,1032.0,1255.0,-0.358,resto
-32.9067,-60.7133,1030.0,1250.0,-0.352,resto
-32.9067,-60.71,1045.0,1254.0,-0.332,resto
-32.9067,-60.7067,1048.0,1254.0,-0.327,resto
-32.9067,-60.7033,1044.0,1250.0,-0.329,resto
-32.9067,-60.7,1045.0,1250.0,-0.326,resto
-32.9067,-60.6967,1529.0,1345.0,0.233,resto
-32.9067,-60.6933,1543.0,1343.0,0.252,resto
-32.9067,-60.69,1438.0,1253.0,0.25,resto
-32.9067,-60.6867,1431.0,1252.0,0.243,resto
-32.9067,-60.6833,1469.0,1325.0,0.188,resto
-32.9067,-60.68,1446.0,1296.0,0.2,resto
-32.9067,-60.6767,1883.0,1636.0,0.255,resto
-32.9067,-60.6733,1790.0,1529.0,0.286,resto
-32.9067,-60.67,1781.0,1515.0,0.294,resto
-32.9067,-60.6667,1789.0,1542.0,0.27,resto
-32.9067,-60.6633,2718.0,3009.0,-0.185,resto
-32.9067,-60.66,2892.0,3185.0,-0.176,resto
-32.9067,-60.6567,2866.0,3159.0,-0.177,resto
-32.9067,-60.6533,2905.0,3185.0,-0.167,resto
-32.9067,-60.65,2977.0,3208.0,-0.136,resto
-32.9067,-60.6467,3010.0,3220.0,-0.123,resto
-32.9067,-60.6433,3010.0,3220.0,-0.123,resto
-32.9067,-60.64,3010.0,3220.0,-0.123,resto
-32.9067,-60.6367,3010.0,3220.0,-0.123,resto
-32.9067,-60.6333,3010.0,3220.0,-0.123,resto
-32.9067,-60.63,3010.0,3220.0,-0.123,resto
-32.9067,-60.6267,3010.0,3220.0,-0.123,resto
-32.9067,-60.6233,3010.0,3220.0,-0.123,resto
-32.9067,-60.62,3010.0,3220.0,-0.123,resto
-32.9067,-60.6167,3010.0,3220.0,-0.123,resto
-32.9067,-60.6133,3010.0,3220.0,-0.123,resto
-32.9067,-60.61,3010.0,3220.0,-0.123,resto
-32.9067,-60.6067,3010.0,3220.0,-0.123,resto
-32.9067,-60.6033,3010.0,3220.0,-0.123,resto
-32.9067,-60.6,3010.0,3220.0,-0.123,resto
-32.9067,-60.5967,3010.0,3220.0,-0.123,resto
-32.9067,-60.5933,3010.0,3220.0,-0.123,resto
-32.9067,-60.59,3010.0,3220.0,-0.123,resto
-32.9033,-60.72,1035.0,1257.0,-0.354,resto
-32.9033,-60.7167,1033.0,1255.0,-0.354,resto
-32.9033,-60.7133,1032.0,1250.0,-0.348,resto
-32.9033,-60.71,1047.0,1254.0,-0.329,resto
-32.9033,-60.7067,1050.0,1254.0,-0.324,resto
-32.9033,-60.7033,1045.0,1250.0,-0.326,resto
-32.9033,-60.7,1047.0,1250.0,-0.323,resto
-32.9033,-60.6967,1537.0,1345.0,0.242,resto
-32.9033,-60.6933,1558.0,1342.0,0.271,resto
-32.9033,-60.69,1463.0,1266.0,0.264,resto
-32.9033,-60.6867,1457.0,1264.0,0.257,resto
-32.9033,-60.6833,1488.0,1327.0,0.208,resto
-32.9033,-60.68,1458.0,1294.0,0.217,resto
-32.9033,-60.6767,1885.0,1636.0,0.257,resto
-32.9033,-60.6733,1792.0,1529.0,0.288,resto
-32.9033,-60.67,1783.0,1514.0,0.296,resto
-32.9033,-60.6667,1791.0,1542.0,0.272,resto
-32.9033,-60.6633,2718.0,3009.0,-0.185,resto
-32.9033,-60.66,2892.0,3185.0,-0.176,resto
-32.9033,-60.6567,2866.0,3159.0,-0.177,resto
-32.9033,-60.6533,2905.0,3185.0,-0.167,resto
-32.9033,-60.65,2977.0,3208.0,-0.136,resto
-32.9033,-60.6467,3010.0,3220.0,-0.123,resto
-32.9033,-60.6433,3010.0,3220.0,-0.123,resto
-32.9033,-60.64,3010.0,3220.0,-0.123,resto
-32.9033,-60.6367,3010.0,3220.0,-0.123,resto
-32.9033,-60.6333,3010.0,3220.0,-0.123,resto
-32.9033,-60.63,3010.0,3220.0,-0.123,resto
-32.9033,-60.6267,3010.0,3220.0,-0.123,resto
-32.9033,-60.6233,3010.0,3220.0,-0.123,resto
-32.9033,-60.62,3010.0,3220.0,-0.123,resto
-32.9033,-60.6167,3010.0,3220.0,-0.123,resto
-32.9033,-60.6133,3010.0,3220.0,-0.123,resto
-32.9033,-60.61,3010.0,3220.0,-0.123,resto
-32.9033,-60.6067,3010.0,3220.0,-0.123,resto
-32.9033,-60.6033,3010.0,3220.0,-0.123,resto
-32.9033,-60.6,3010.0,3220.0,-0.123,resto
-32.9033,-60.5967,3010.0,3220.0,-0.123,resto
-32.9033,-60.5933,3010.0,3220.0,-0.123,resto
-32.9033,-60.59,3010.0,3220.0,-0.123,resto
-32.9,-60.72,1035.0,1257.0,-0.354,resto
-32.9,-60.7167,1033.0,1255.0,-0.354,resto
-32.9,-60.7133,1032.0,1250.0,-0.348,resto
-32.9,-60.71,1047.0,1254.0,-0.329,resto
-32.9,-60.7067,1050.0,1254.0,-0.324,resto
-32.9,-60.7033,1045.0,1250.0,-0.326,resto
-32.9,-60.7,1047.0,1250.0,-0.323,resto
-32.9,-60.6967,1537.0,1345.0,0.242,resto
-32.9,-60.6933,1558.0,1342.0,0.271,resto
-32.9,-60.69,1463.0,1265.0,0.264,resto
-32.9,-60.6867,1457.0,1264.0,0.257,resto
-32.9,-60.6833,1488.0,1327.0,0.208,resto
-32.9,-60.68,1458.0,1294.0,0.217,resto
-32.9,-60.6767,1885.0,1636.0,0.257,resto
-32.9,-60.6733,1792.0,1529.0,0.288,resto
-32.9,-60.67,1783.0,1514.0,0.296,resto
-32.9,-60.6667,1791.0,1542.0,0.272,resto
-32.9,-60.6633,2718.0,3009.0,-0.185,resto
-32.9,-60.66,2892.0,3185.0,-0.176,resto
-32.9,-60.6567,2866.0,3159.0,-0.177,resto
-32.9,-60.6533,2905.0,3185.0,-0.167,resto
-32.9,-60.65,2977.0,3208.0,-0.136,resto
-32.9,-60.6467,3010.0,3220.0,-0.123,resto
-32.9,-60.6433,3010.0,3220.0,-0.123,resto
-32.9,-60.64,3010.0,3220.0,-0.123,resto
-32.9,-60.6367,3010.0,3220.0,-0.123,resto
-32.9,-60.6333,3010.0,3220.0,-0.123,resto
-32.9,-60.63,3010.0,3220.0,-0.123,resto
-32.9,-60.6267,3010.0,3220.0,-0.123,resto
-32.9,-60.6233,3010.0,3220.0,-0.123,resto
-32.9,-60.62,3010.0,3220.0,-0.123,resto
-32.9,-60.6167,3010.0,3220.0,-0.123,resto
-32.9,-60.6133,3010.0,3220.0,-0.123,resto
-32.9,-60.61,3010.0,3220.0,-0.123,resto
-32.9,-60.6067,3010.0,3220.0,-0.123,resto
-32.9,-60.6033,3010.0,3220.0,-0.123,resto
-32.9,-60.6,3010.0,3220.0,-0.123,resto
-32.9,-60.5967,3010.0,3220.0,-0.123,resto
-32.9,-60.5933,3010.0,3220.0,-0.123,resto
-32.9,-60.59,3010.0,3220.0,-0.123,resto
