ph,lat_centroide,lon_centroide,direccion_nueva,direccion_anterior,distancia_m,sec,mza,graf
13890,-32.93298678499464,-60.64977389453375,Güemes 2146,Güemes 2146,31.6,1.0,2.0,19.0
2804,-32.93447435295867,-60.648518335584725,Almirante Brown 2020,Mariano Moreno 2 bis,31.8,1.0,6.0,14.0
16319,-32.935081466367535,-60.64606975480786,Almirante Brown 1844,Almirante Brown 1854,32.3,1.0,8.0,8.0
16415,-32.93511435706101,-60.64589642348847,Italia,Almirante Brown 1854,43.8,1.0,8.0,8.0
16547,-32.935216750842415,-60.64570006215631,Italia,Almirante Brown 1854,66.8,1.0,8.0,8.0
16721,-32.93508485962693,-60.64566754378753,Italia,Almirante Brown 1854,60.6,1.0,8.0,8.0
5529,-32.935289516952835,-60.64935964033536,Almirante Brown,Almirante Brown,47.4,1.0,11.0,13.0
7473,-32.93580656990524,-60.64721164370778,Manuel Dorrego 62,Jujuy 1926,34.9,1.0,12.0,17.0
8091,-32.93557631305422,-60.64747591980071,Manuel Dorrego 48,Manuel Dorrego 46,32.5,1.0,12.0,15.0
6988,-32.93650453664288,-60.650681068220976,Salta 2148,Balcarce,37.1,1.0,19.0,14.0
897,-32.93738925437203,-60.64681080006861,Salta 1862,Italia,37.4,1.0,22.0,22.0
9093,-32.936996383922725,-60.64650793326632,Italia,Jujuy 1841,46.0,1.0,22.0,5.0
7086,-32.93833049999999,-60.6418065,Salta 1498,Paraguay,43.0,1.0,26.0,17.0
939,-32.9383465,-60.6417155,Salta,Paraguay,34.4,1.0,26.0,17.0
14587,-32.93842566993364,-60.63822484575193,Avenida Arturo Illia,Avenida Arturo Illia,55.3,1.0,28.0,1.0
14054,-32.937212,-60.651297,Bulevar Nicasio Oroño,Bulevar Nicasio Oroño,47.1,1.0,30.0,26.0
3499,-32.93711607616127,-60.65127306162668,Bulevar Nicasio Oroño 221,Bulevar Nicasio Oroño,57.6,1.0,30.0,26.0
1024,-32.9383515,-60.6481915,Catamarca 1930,Manuel Dorrego,76.7,1.0,32.0,14.0
12356,-32.93825390786168,-60.64873522714589,Catamarca 1988,Manuel Dorrego,114.2,1.0,32.0,14.0
1414,-32.93840023991451,-60.64787318933118,Manuel Dorrego,Manuel Dorrego,71.1,1.0,32.0,14.0
1428,-32.93812870630932,-60.64823003629257,Catamarca 1938,Manuel Dorrego,60.0,1.0,32.0,14.0
1609,-32.93791376876779,-60.64872357025955,Mariano Moreno 257,Manuel Dorrego,100.4,1.0,32.0,14.0
16350,-32.9383187404577,-60.648372730115895,Catamarca 1950,Manuel Dorrego,86.2,1.0,32.0,14.0
1706,-32.93809629332272,-60.648411463088806,Catamarca 1958,Manuel Dorrego,74.2,1.0,32.0,14.0
1737,-32.9380435,-60.64777200000001,Manuel Dorrego 256,Manuel Dorrego,32.0,1.0,32.0,14.0
216,-32.938312,-60.6488555,Catamarca 1998,Manuel Dorrego,129.1,1.0,32.0,14.0
3081,-32.93836800402144,-60.64810102463137,Catamarca 1922,Manuel Dorrego,73.6,1.0,32.0,14.0
3136,-32.93831289900347,-60.6478984315978,Manuel Dorrego 282,Manuel Dorrego,61.7,1.0,32.0,14.0
734,-32.93849442809209,-60.64785621566586,Catamarca 1902,Manuel Dorrego,81.5,1.0,32.0,14.0
1480,-32.93867907124634,-60.64685378358373,Catamarca 1834,Italia 282,37.9,1.0,33.0,10.0
22095,-32.93809576412212,-60.64680308425089,Italia,Italia 246,41.7,1.0,33.0,8.0
9415,-32.93843387369736,-60.646985066980896,Catamarca,Salta 1853,55.0,1.0,33.0,5.0
325,-32.9396825,-60.641179,Catamarca 1420,Corrientes 254,56.9,1.0,37.0,10.0
3450,-32.939522244600845,-60.64155520091972,Paraguay 263,Corrientes 254,84.1,1.0,37.0,10.0
1999,-32.94013514918164,-60.63862221434652,Catamarca 1240,Catamarca,37.1,1.0,39.0,16.0
21575,-32.93988454796147,-60.63834881121651,Bartolomé Mitre 264,Entre Ríos,58.7,1.0,39.0,15.0
14769,-32.94036679616228,-60.637525464953,Catamarca 299,Catamarca 1124,41.2,1.0,40.0,9.0
18878,-32.93917036313206,-60.65086337397182,Balcarce 394,Balcarce,34.4,1.0,42.0,12.0
2619,-32.93951707650697,-60.64859428661,Tucumán 1944,Tucumán 1906,39.7,1.0,44.0,15.0
17789,-32.93985849173183,-60.64544268505756,España 372,Tucumán 1754,31.6,1.0,46.0,15.0
12915,-32.939856588523895,-60.641928785921664,Catamarca,Paraguay 309,30.1,1.0,49.0,1.0
5979,-32.940634341360045,-60.64022323156977,Entre Ríos,Tucumán 1340,36.2,1.0,50.0,18.0
7909,-32.94061269135393,-60.64032660597436,Entre Ríos,Tucumán 1350,51.2,1.0,50.0,19.0
1534,-32.94058159396871,-60.64809473984096,Manuel Dorrego 465,Justo José de Urquiza 1872,35.7,1.0,58.0,30.0
3715,-32.940631287921,-60.64415685413011,Tucumán 1601,Justo José de Urquiza 1644,31.8,1.0,60.0,5.0
9844,-32.940998725777035,-60.644360231333074,Presidente Roca 442,Justo José de Urquiza 1644,34.1,1.0,60.0,5.0
13934,-32.941075350649264,-60.6428595149906,Paraguay 412,Justo José de Urquiza,34.5,1.0,61.0,5.0
1476,-32.9411585,-60.64287999999999,Paraguay 432,Justo José de Urquiza,36.1,1.0,61.0,5.0
4571,-32.941647,-60.643419,Justo José de Urquiza 1548,Justo José de Urquiza 1514,40.5,1.0,61.0,8.0
4854,-32.94200929042145,-60.64122795632184,Corrientes 483,Justo José de Urquiza 1348,61.2,1.0,63.0,12.0
19627,-32.94223390022957,-60.63944516764758,Justo José de Urquiza,Justo José de Urquiza,35.2,1.0,64.0,16.0
1119,-32.94291440857518,-60.635941658003226,José de San Martín,José de San Martín,44.6,1.0,66.0,14.0
1910,-32.94285300000001,-60.635926,José de San Martín,José de San Martín,45.0,1.0,66.0,14.0
8092,-32.94285493579553,-60.63646875077964,José de San Martín,Sarmiento,34.5,1.0,66.0,18.0
4172,-32.94148241874908,-60.64948239489623,Mariano Moreno 555,San Lorenzo 1944,50.4,1.0,70.0,26.0
592,-32.94156113216791,-60.64932854315942,Manuel Dorrego,San Lorenzo 1944,33.8,1.0,70.0,26.0
8607,-32.94182229600398,-60.64969446850335,San Lorenzo 1996,San Lorenzo 1944,54.9,1.0,70.0,26.0
172,-32.94272474444039,-60.6428405818933,Corrientes,San Lorenzo 1460,32.0,1.0,75.0,17.0
5495,-32.94238443492085,-60.64192476246938,Justo José de Urquiza 1427,Corrientes,33.0,1.0,75.0,7.0
898,-32.94252904186848,-60.64255450260719,Corrientes,San Lorenzo 1460,62.6,1.0,75.0,17.0
21798,-32.94317366772579,-60.63854883678493,Bartolomé Mitre,Justo José de Urquiza,32.0,1.0,78.0,1.0
2463,-32.943918415654764,-60.638202710251775,San Lorenzo,Sarmiento,30.5,1.0,78.0,8.0
3019,-32.943877,-60.63837399999999,San Lorenzo 1156,Sarmiento,31.7,1.0,78.0,8.0
828,-32.9429438365708,-60.638500385591904,Justo José de Urquiza 1185,Justo José de Urquiza,37.9,1.0,78.0,1.0
12886,-32.943239854233944,-60.63688472410458,Justo José de Urquiza 1077,Justo José de Urquiza,37.6,1.0,79.0,1.0
705,-32.94344402246663,-60.636937935651154,San Lorenzo,Justo José de Urquiza,45.2,1.0,79.0,1.0
738,-32.9433619840423,-60.63691654450853,José de San Martín,Justo José de Urquiza,40.7,1.0,79.0,1.0
8701,-32.944336578416426,-60.63662495894214,San Lorenzo 1032,Justo José de Urquiza,51.0,1.0,79.0,2.0
3734,-32.94489669311609,-60.63386958256251,Justo José de Urquiza,Justo José de Urquiza 879,40.1,1.0,81.0,2.0
5003,-32.94513205987859,-60.63307596578367,Justo José de Urquiza 802,Avenida Manuel Belgrano 341,33.2,1.0,82.0,3.0
10843,-32.94539453222836,-60.63297839502762,Francisco Narciso Laprida 507,Francisco Narciso Laprida,30.8,1.0,83.0,1.0
10360,-32.94534877208982,-60.635351707883984,San Lorenzo 955,Santa Fe,33.0,1.0,96.0,7.0
652,-32.94661406117413,-60.631893296398005,Santa Fe 656,Santa Fe 672,33.2,1.0,99.0,20.0
14623,-32.94372237854613,-60.64854365205454,Italia,Manuel Dorrego 747,36.1,1.0,104.0,24.0
2562,-32.94436202673654,-60.6481264388846,Córdoba 1852,Italia,31.0,1.0,104.0,16.0
12470,-32.94400992486046,-60.64703138400825,Santa Fe,Santa Fe,52.7,1.0,105.0,34.0
436,-32.94510170264562,-60.64818772261976,Italia 838,Córdoba,33.1,1.0,121.0,9.0
7214,-32.9447412929021,-60.64888146231232,Córdoba,Manuel Dorrego 837,33.7,1.0,121.0,1.0
907,-32.94810929334987,-60.63426235089498,Francisco Narciso Laprida 870,Rioja,36.8,1.0,131.0,11.0
20892,-32.94518319662334,-60.65255915094441,Rioja 2123,Rioja 2149,32.1,1.0,136.0,3.0
2413,-32.94586555272434,-60.65322628457747,Bulevar Nicasio Oroño 949,Bulevar Nicasio Oroño 965,34.8,1.0,136.0,25.0
14799,-32.94570021155069,-60.64966405004766,Rioja,Rioja,37.3,1.0,138.0,8.0
10278,-32.9465105,-60.64856600000001,Manuel Dorrego,Manuel Dorrego,62.6,1.0,139.0,7.0
10323,-32.94617998016713,-60.64848200334263,Italia 924,Manuel Dorrego,35.6,1.0,139.0,7.0
11057,-32.94600178544024,-60.64839293628702,Rioja 1811,Manuel Dorrego,36.9,1.0,139.0,7.0
7838,-32.94640029755305,-60.648537774716765,Italia 942,Manuel Dorrego,52.1,1.0,139.0,7.0
4685,-32.94755525024222,-60.64607106219584,San Luis,Presidente Roca 972,34.7,1.0,141.0,16.0
6041,-32.94688798963448,-60.64569462247682,Presidente Roca 940,Rioja,35.0,1.0,141.0,12.0
6343,-32.94762521647496,-60.645897088913976,San Luis,Presidente Roca 972,38.9,1.0,141.0,16.0
12761,-32.94681840327891,-60.64533340018813,Presidente Roca,Rioja 1541,39.4,1.0,142.0,3.0
15556,-32.94673050000001,-60.644567,Rioja 1541,Rioja 1541,51.4,1.0,142.0,3.0
21282,-32.947118174756504,-60.64514400627868,Presidente Roca,Presidente Roca,30.9,1.0,142.0,26.0
5112,-32.947614738122404,-60.64011526708686,Bartolomé Mitre 916,Rioja 1231,32.7,1.0,145.0,7.0
6127,-32.94759214874561,-60.64122528738148,Ricardone,Rioja 1231,96.1,1.0,145.0,7.0
8557,-32.947554222249536,-60.65197315131257,Balcarce,Mariano Moreno 1068,31.0,1.0,156.0,13.0
1596,-32.94730583240486,-60.650796693648346,Manuel Dorrego,Mariano Moreno 1039,49.4,1.0,157.0,22.0
17702,-32.9472747438774,-60.650932771227446,Manuel Dorrego,Mariano Moreno 1039,35.2,1.0,157.0,22.0
7028,-32.94755431306343,-60.65071085336094,Manuel Dorrego,Manuel Dorrego,45.1,1.0,157.0,10.0
9481,-32.94769235823547,-60.65034034246146,Manuel Dorrego 1082,Manuel Dorrego,32.9,1.0,157.0,10.0
15659,-32.94778562946559,-60.64980106092387,Manuel Dorrego 1057,San Juan,45.2,1.0,158.0,21.0
16742,-32.94819338475034,-60.64919794763833,San Juan 1830,San Juan 1802,32.9,1.0,158.0,19.0
20739,-32.94754057962077,-60.64931998996988,San Luis 1844,Manuel Dorrego 1029,59.3,1.0,158.0,25.0
6764,-32.94786059766896,-60.64664128239711,San Luis,España 1007,52.9,1.0,160.0,1.0
1739,-32.94825565753114,-60.64460329910435,Paraguay 1018,Paraguay,37.4,1.0,161.0,8.0
7735,-32.94990364032524,-60.637047466279554,Peatonal San Martín,Peatonal San Martín 1073,40.6,1.0,167.0,23.0
245,-32.94989335685393,-60.63478490382023,Francisco Narciso Laprida 1050,San Luis 841,43.5,1.0,168.0,7.0
6118,-32.95088342227314,-60.63477616038325,Francisco Narciso Laprida,San Juan 768,35.9,1.0,169.0,23.0
1696,-32.950450333394,-60.63141443298552,San Luis 569,San Luis 589,30.2,1.0,171.0,1.0
1720,-32.95088743983739,-60.63071578699187,Primero de Mayo 1028,San Luis 537,40.2,1.0,171.0,11.0
20937,-32.94893961615913,-60.65269359317876,Mendoza,Balcarce 1155,40.7,1.0,175.0,26.0
10947,-32.94888401561971,-60.648705016250815,Italia 1127,Italia 1153,35.7,1.0,178.0,1.0
12088,-32.94855321496305,-60.64871011353885,Italia,Italia 1153,70.2,1.0,178.0,1.0
17649,-32.94864488394812,-60.64867946563078,Italia,Italia 1153,61.3,1.0,178.0,1.0
20239,-32.948802479402055,-60.64871920195185,Italia 1123,Italia 1153,43.3,1.0,178.0,1.0
3203,-32.94872650000001,-60.64869999999999,Italia 1117,Italia 1153,52.0,1.0,178.0,1.0
3672,-32.948711331263496,-60.64852656654966,Italia 1109,Italia 1153,62.6,1.0,178.0,1.0
4224,-32.94936437175102,-60.64878575438671,Italia 1165,Mendoza 1756,40.3,1.0,178.0,20.0
1353,-32.94992071201822,-60.64606514475249,Presidente Roca 1173,Mendoza,35.2,1.0,180.0,25.0
15566,-32.95004189757856,-60.64432197150433,Paraguay,Paraguay 1157,40.6,1.0,181.0,34.0
17392,-32.95103233374351,-60.63805725472079,Peatonal San Martín 1130,Sarmiento,49.6,1.0,185.0,37.0
2459,-32.95111834886071,-60.637002540368215,Peatonal San Martín,Maipú 1142,54.1,1.0,186.0,7.0
6175,-32.95231541868272,-60.63269035813314,Juan Manuel de Rosas,Buenos Aires,47.3,1.0,189.0,17.0
1072,-32.95271405541327,-60.6282937832256,Santa Cruz,San Juan 323,36.0,1.0,192.0,3.0
20485,-32.952647619167216,-60.62822403559057,Santa Cruz,San Juan 323,34.3,1.0,192.0,3.0
7678,-32.95273178233368,-60.62819039540749,Santa Cruz,San Juan 323,43.8,1.0,192.0,3.0
10282,-32.94982007563262,-60.65283276235126,Balcarce,Balcarce 1251,44.2,1.0,196.0,26.0
10613,-32.94980391327809,-60.65295272843842,Balcarce 1249,Balcarce 1251,30.7,1.0,196.0,26.0
14094,-32.949569638669864,-60.65283238898412,Balcarce,Balcarce,34.7,1.0,196.0,28.0
3094,-32.94955300000001,-60.65207600000001,Mariano Moreno 1220,Mendoza 2049,57.2,1.0,196.0,4.0
9595,-32.9494415,-60.6522615,Mendoza 2017,Mendoza 2049,34.4,1.0,196.0,4.0
12206,-32.95062719152376,-60.6488181371089,Mendoza,Italia 1261,42.3,1.0,199.0,29.0
14820,-32.951081592143545,-60.64835688129696,3 de Febrero 1718,Mendoza,30.8,1.0,199.0,18.0
18362,-32.95103314258049,-60.64863679423868,3 de Febrero 1742,Mendoza,30.8,1.0,199.0,20.0
1729,-32.950640485873194,-60.64731370344484,Mendoza 1651,Mendoza 1651,46.8,1.0,200.0,4.0
11608,-32.9510820941512,-60.64599458056156,Presidente Roca 1253,Presidente Roca 1253,41.4,1.0,201.0,32.0
17684,-32.95091710798729,-60.645588694206566,Paraguay 1240,Paraguay 1238,32.7,1.0,201.0,12.0
17903,-32.95234698510545,-60.6387336234768,Sarmiento,José de San Martín 1254,46.3,1.0,206.0,17.0
1091,-32.95264722903529,-60.634187667072325,Buenos Aires 1214,Mendoza 743,47.9,1.0,209.0,3.0
21105,-32.953346626187795,-60.6320053429854,Mendoza,Juan Manuel de Rosas 1241,55.9,1.0,211.0,37.0
2921,-32.95325251936771,-60.63215052720612,Mendoza,Juan Manuel de Rosas 1235,39.8,1.0,211.0,38.0
21355,-32.95364233270156,-60.63066416514216,Primero de Mayo 1243,Primero de Mayo 1247,38.2,1.0,212.0,32.0
4111,-32.954122204348366,-60.6273699435915,Cristóbal Colón,Cristóbal Colón 1266,33.2,1.0,214.0,1.0
1020,-32.95420198898914,-60.62495177856868,Mendoza 55,Necochea 1213,54.9,1.0,216.0,1.0
10903,-32.954380959082194,-60.62470401899089,Cajaraville 32,Necochea 1213,84.0,1.0,216.0,1.0
12909,-32.954321390395485,-60.62480765838363,Avenida de la Libertad,Necochea 1213,71.5,1.0,216.0,1.0
1370,-32.95463732895583,-60.624875450729085,Cajaraville 51,Necochea 1213,77.7,1.0,216.0,1.0
14687,-32.954170000000005,-60.625104,Mendoza 69,Necochea 1213,38.4,1.0,216.0,1.0
1601,-32.95457328911604,-60.6254049491433,Cajaraville 97,Necochea 1213,38.2,1.0,216.0,1.0
1698,-32.954599277177415,-60.62519344953556,Cajaraville 79,Necochea 1213,49.5,1.0,216.0,1.0
2151,-32.95465,-60.62476949999999,Cajaraville 41,Necochea 1213,88.3,1.0,216.0,1.0
3161,-32.954561795110735,-60.62551784870152,Necochea 1247,Necochea 1213,37.6,1.0,216.0,1.0
3201,-32.95435172567696,-60.6250335445859,Cajaraville 64,Necochea 1213,47.6,1.0,216.0,1.0
3560,-32.954448666666664,-60.62460533333333,Cajaraville 22,Necochea 1213,96.4,1.0,216.0,1.0
5252,-32.95479198512022,-60.62482030549193,Cajaraville 45,Cajaraville 15,38.5,1.0,216.0,2.0
708,-32.95436733057851,-60.62492833057851,Cajaraville 54,Necochea 1213,59.3,1.0,216.0,1.0
834,-32.95458615492193,-60.62529917202986,Cajaraville 87,Necochea 1213,42.6,1.0,216.0,1.0
8677,-32.95520192641828,-60.62453880065368,3 de Febrero 12,Chacabuco 1304,30.3,1.0,216.0,3.0
2694,-32.950941315207594,-60.65248272019217,Mariano Moreno 1336,3 de Febrero 2033,30.0,1.0,218.0,14.0
8188,-32.951231295297646,-60.65313513766098,9 de Julio 2056,Balcarce 1381,50.2,1.0,218.0,22.0
1271,-32.95219633501896,-60.64640045259165,Presidente Roca 1353,Presidente Roca 1357,33.1,1.0,223.0,35.0
2550,-32.95221985207328,-60.64620544591286,9 de Julio,Presidente Roca 1357,55.0,1.0,223.0,35.0
3480,-32.952291361940624,-60.64640912860907,9 de Julio 1570,Presidente Roca 1367,39.1,1.0,223.0,34.0
470,-32.953246500000006,-60.6426565,9 de Julio,9 de Julio 1276,30.2,1.0,226.0,28.0
16273,-32.954059452188005,-60.63570775137763,Francisco Narciso Laprida 1347,Francisco Narciso Laprida 1347,33.1,1.0,231.0,25.0
6542,-32.9548109919878,-60.6316861855526,Primero de Mayo 1356,9 de Julio 544,51.3,1.0,233.0,18.0
8812,-32.954478764578305,-60.63272982481254,Juan Manuel de Rosas 1339,3 de Febrero 559,53.4,1.0,233.0,38.0
17343,-32.954804842057044,-60.63129582706156,Primero de Mayo 1345,Primero de Mayo 1333,31.6,1.0,234.0,38.0
18051,-32.954601832089686,-60.63067857846084,3 de Febrero 453,3 de Febrero 477,33.5,1.0,234.0,40.0
18056,-32.954935687906854,-60.63110322626126,Primero de Mayo 1353,9 de Julio 450,36.6,1.0,234.0,37.0
10657,-32.955051298217136,-60.62883135285468,Ayacucho 1334,3 de Febrero 345,44.1,1.0,235.0,14.0
14449,-32.95572079162879,-60.6268534269359,Cristóbal Colón 1361,9 de Julio 172,36.8,1.0,237.0,23.0
15294,-32.955768717582984,-60.62696806967495,Cristóbal Colón 1369,9 de Julio 172,30.5,1.0,237.0,23.0
17093,-32.95535001797713,-60.62655519256217,3 de Febrero 157,3 de Febrero 183,37.0,1.0,237.0,32.0
17492,-32.956043364578086,-60.62648634783307,9 de Julio 134,Necochea 1354,42.0,1.0,237.0,19.0
5980,-32.955364082995615,-60.62637787934295,3 de Febrero 143,3 de Febrero 183,56.6,1.0,237.0,32.0
18518,-32.951835992643595,-60.65473902704968,Bulevar Nicasio Oroño 1453,Zeballos 2122,52.8,1.0,239.0,20.0
21291,-32.95200292706536,-60.65343441988292,Zeballos 2050,Balcarce 1441,34.7,1.0,240.0,36.0
1008,-32.95272883830678,-60.649448253447446,Italia 1443,Italia 1447,32.4,1.0,243.0,29.0
2989,-32.95284551755827,-60.64973721408887,Italia 1461,Zeballos 1790,38.6,1.0,243.0,28.0
3330,-32.95317490794634,-60.64941642860149,Zeballos 1760,España 1476,74.6,1.0,243.0,26.0
4794,-32.95325234085056,-60.649454674884495,Zeballos 1762,España 1476,79.6,1.0,243.0,26.0
2681,-32.95333688586817,-60.64777053321593,Zeballos 1640,Presidente Roca 1476,48.8,1.0,244.0,16.0
18638,-32.9544305,-60.642166,Zeballos 1234,Bartolomé Mitre 1480,30.2,1.0,248.0,13.0
11017,-32.954619303932134,-60.6404102183034,Sarmiento,Zeballos,57.8,1.0,249.0,13.0
18763,-32.95419040631394,-60.64082996176557,9 de Julio,9 de Julio 1155,32.2,1.0,249.0,5.0
15996,-32.95419802456064,-60.63875579583744,9 de Julio 1007,9 de Julio,56.5,1.0,250.0,4.0
17709,-32.95429677625571,-60.63878199086758,José de San Martín 1412,9 de Julio,53.2,1.0,250.0,4.0
14484,-32.9544685,-60.63745749999999,9 de Julio 915,9 de Julio 961,64.3,1.0,251.0,2.0
14866,-32.954496245454216,-60.637661499312514,9 de Julio 931,9 de Julio 961,41.4,1.0,251.0,2.0
7341,-32.95459904250062,-60.6374709917964,Maipú 1422,9 de Julio 961,63.0,1.0,251.0,2.0
18134,-32.95632689050294,-60.63284441047006,Zeballos 566,Zeballos 566,35.8,1.0,255.0,28.0
1951,-32.956390215273814,-60.632621541869945,Zeballos 550,Zeballos 548,42.0,1.0,255.0,26.0
11287,-32.95644186325455,-60.62962109946704,Leandro N. Alem 1449,Ayacucho 1442,43.3,1.0,257.0,14.0
13314,-32.956405101034775,-60.6298072563856,Leandro N. Alem 1449,Ayacucho 1442,63.4,1.0,257.0,14.0
17730,-32.956312000000004,-60.6291925,Ayacucho 1436,9 de Julio 339,31.1,1.0,257.0,13.0
19789,-32.9565903990849,-60.63026810676157,Leandro N. Alem 1473,Leandro N. Alem 1449,31.2,1.0,257.0,32.0
2574,-32.956333,-60.6290685,Ayacucho 1436,9 de Julio 339,45.1,1.0,257.0,13.0
5810,-32.95684561467654,-60.62990566795799,Zeballos 364,Leandro N. Alem 1449,37.8,1.0,257.0,26.0
913,-32.95666575745189,-60.62951293252061,Zeballos 334,Zeballos 338,32.6,1.0,257.0,23.0
4139,-32.95713569713082,-60.6279945203521,Zeballos 214,Cristóbal Colón,33.4,1.0,258.0,20.0
3337,-32.95701049999999,-60.626433,Necochea 1462,9 de Julio 141,50.5,,,
5435,-32.95713333114276,-60.626120502738225,Necochea 1465,Necochea 1495,32.9,,,
11313,-32.95415254877965,-60.649461124723686,Montevideo 1722,Montevideo 1746,31.5,,,
2085,-32.953887566714144,-60.64984795251661,Italia 1547,Zeballos 1797,56.6,,,
2637,-32.953670327745186,-60.64982569423715,Italia 1527,Zeballos 1797,33.6,,,
441,-32.95346845836468,-60.64958644889641,Zeballos 1769,Zeballos 1797,38.4,,,
9437,-32.95392046963659,-60.64967120905519,Italia 1547,Zeballos 1797,65.9,,,
6476,-32.95425362335013,-60.647166925023384,Presidente Roca 1537,Presidente Roca 1505,37.3,,,
20510,-32.954815034376345,-60.64505621324707,Montevideo,Paraguay 1557,76.7,,,
3511,-32.95509761349526,-60.6441868911304,Zeballos 1341,Montevideo 1360,30.5,,,
2986,-32.95544056884528,-60.64169257768105,Bartolomé Mitre 1557,Montevideo 1166,38.7,,,
791,-32.955566371886114,-60.63980703541641,José de San Martín,Sarmiento 1539,48.7,,,
10568,-32.955867785318894,-60.637794475892505,Maipú,Zeballos 933,30.3,,,
1017,-32.95673752986706,-60.636527640461395,Francisco Narciso Laprida 1599,Montevideo 782,32.3,,,
226,-32.956754812543004,-60.63399316671902,Montevideo,Zeballos 635,36.0,,,
7588,-32.95700028718908,-60.63276315593949,Juan Manuel de Rosas,Zeballos 549,32.9,,,
21644,-32.95796214233782,-60.62726075307549,Zeballos 163,Montevideo 142,41.3,,,
2318,-32.95564023755035,-60.648758734577775,Avenida Carlos Pellegrini,Avenida Carlos Pellegrini,51.0,,,
1259,-32.95767316331484,-60.640502624670596,Avenida Carlos Pellegrini,Avenida Carlos Pellegrini 1059,30.3,,,
21650,-32.964289411458736,-60.624815608117444,Esmeralda 2041,Esmeralda 2071,30.4,,,
20054,-33.01336238148847,-60.64515732573522,Alzugaray,Alzugaray,36.1,,,
15507,-33.00934747998829,-60.64596877357084,Avenida Battle y Ordoñez,Copahue,41.3,,,
17091,-32.900371621253996,-60.69488675240692,Zelaya 1451,Valentín Gómez 1418,52.8,,,
20611,-32.922329773222565,-60.6651030695716,Gorriti,Gorriti,62.9,,,
18779,-32.92840320381117,-60.665315854701014,,Héctor Thedy 158,32.3,,,
21338,-32.92771702992918,-60.66432334976911,,Puerto Norte,31.8,,,
8049,-32.88680637118431,-60.71899995705589,Palestina,Blomberg,30.4,,,
7843,-32.887731634080566,-60.71611007853507,Colectora José María Rosa,Palliere,32.2,,,
8055,-32.88955141373399,-60.71752602535787,Irma Peirano,Dávalos,39.8,,,
8054,-32.88645958010161,-60.71220960064279,Ramón Gómez Cornet,Palestina,32.4,,,
9420,-32.89587047206449,-60.714724006076445,Avenida Casiano Casas 2098,Avenida Casiano Casas 2034,65.8,,,
9349,-32.89571796356495,-60.71427740675007,Manuel García 2169,Manuel García 2199,43.3,,,
9442,-32.89726522020489,-60.71410160905323,Avenida Casiano Casas 1974,Avenida Casiano Casas 1992,36.3,,,
9300,-32.89807315847747,-60.71355000481574,Avenida Casiano Casas 1928,Avenida Casiano Casas 1906,43.3,,,
9357,-32.90020004320967,-60.71130793807292,Manuel García 1819,Manuel García 1805,30.8,,,
9382,-32.899694855769205,-60.711834551732885,Manuel García 1851,Manuel García 1895,89.9,,,
9424,-32.899698325512695,-60.71230591090507,Avenida Casiano Casas 1850 C,Avenida Casiano Casas 1800 C,70.5,,,
20170,-32.913209626613195,-60.73650726712515,Ayala Gauna 8049,Avenida Albert Schweitzer,39.0,,,
20541,-32.89761622837069,-60.74213902057528,Calle 4 (Norte),Avenida del Sol,171.1,,,
15936,-32.93406596431495,-60.70128995348502,Cuba,Avenida Eva Perón,44.1,,,
15161,-32.922134680614256,-60.75240387887177,,Fisherton,35.8,,,
3666,-32.938860413278874,-60.74147616341215,Urizar,Urizar,37.2,,,
12849,-32.93759500009995,-60.72542100509745,,Fonavi B Donado y Mendoza,106.1,,,
12847,-32.93759500009995,-60.72542100509745,,Fonavi B Donado y Mendoza,58.7,,,
12971,-32.93759500009995,-60.72542100509745,,Magdalena Guemes,115.4,,,
12996,-32.93759500009995,-60.72542100509745,,Fonavi B Donado y Mendoza,155.8,,,
13381,-32.93867610248903,-60.72613553202782,Derqui,José Agustín Donado 957,91.9,,,
19934,-32.989110875563455,-60.71314424551876,Calle 1910,Calle 1910,76.3,,,
20598,-32.98896975601191,-60.69135524046897,Avenida José Uriburu,Avenida José Uriburu,87.0,,,
21825,-32.986214604355006,-60.717055076661765,Calle 1919,Calle 1919,61.9,,,
21842,-32.988972761149434,-60.71568863808752,Calle 1910,Calle 1917,83.9,,,
